2026-06-26 23:03:33,241 WARNING [deepcytes.agent] [WARNING] AGENT RUNNING WITHOUT ADMINISTRATIVE PRIVILEGES. Low-level endpoint telemetries (scapy sniffing, registry write, PowerShell compliance) may fail.
2026-06-26 23:03:34,312 WARNING [deepcytes.collectors.ad] Failed to query 'Security' with filter '*[System[((EventID >= 4624 and EventID <= 4776) or (EventID >= 5140 and EventID <= 5145) or (EventID >= 6272 and EventID <= 6273)) and TimeCreated[timediff(@SystemTime) <= 86400000]]]': (5, 'EvtQuery', 'Access is denied.')
2026-06-26 23:03:35,032 WARNING [deepcytes.collectors.dns_sniffer] Scapy sniffing failed: Sniffing and sending packets is not available at layer 2: winpcap is not installed. You may use conf.L3socket or conf.L3socket6 to access layer 3
2026-06-26 23:03:35,383 WARNING [deepcytes.collectors.dns_sniffer] Native Windows sniffing failed: [WinError 10013] An attempt was made to access a socket in a way forbidden by its access permissions
2026-06-26 23:03:35,384 ERROR [deepcytes.collectors.ad] Fallback query for 'Security' also failed: (5, 'EvtQuery', 'Access is denied.')
2026-06-26 23:03:35,622 WARNING [deepcytes.collectors.dns_sniffer] DNS capture unavailable. Sniffer thread remaining idle.
2026-06-26 23:03:40,752 WARNING [deepcytes.collectors.ad] Failed to query 'Security' with filter '*[System[((EventID >= 4624 and EventID <= 4776) or (EventID >= 5140 and EventID <= 5145) or (EventID >= 6272 and EventID <= 6273)) and TimeCreated[timediff(@SystemTime) <= 86400000]]]': (5, 'EvtQuery', 'Access is denied.')
2026-06-26 23:03:40,757 ERROR [deepcytes.collectors.ad] Fallback query for 'Security' also failed: (5, 'EvtQuery', 'Access is denied.')
2026-06-26 23:07:49,526 WARNING [deepcytes.collectors.dns_sniffer] Scapy sniffing failed: Sniffing and sending packets is not available at layer 2: winpcap is not installed. You may use conf.L3socket or conf.L3socket6 to access layer 3
2026-06-26 23:13:17,624 WARNING [deepcytes.collectors.dns_sniffer] Scapy sniffing failed: Sniffing and sending packets is not available at layer 2: winpcap is not installed. You may use conf.L3socket or conf.L3socket6 to access layer 3
2026-06-26 23:14:52,906 WARNING [deepcytes.collectors.dns_sniffer] Scapy sniffing failed: Sniffing and sending packets is not available at layer 2: winpcap is not installed. You may use conf.L3socket or conf.L3socket6 to access layer 3
2026-06-26 23:18:33,811 WARNING [deepcytes.collectors.dns_sniffer] Scapy sniffing failed: Sniffing and sending packets is not available at layer 2: winpcap is not installed. You may use conf.L3socket or conf.L3socket6 to access layer 3
2026-06-26 23:32:35,044 WARNING [deepcytes.collectors.dns_sniffer] Scapy sniffing failed: Sniffing and sending packets is not available at layer 2: winpcap is not installed. You may use conf.L3socket or conf.L3socket6 to access layer 3
2026-06-26 23:59:45,188 WARNING [deepcytes.agent] [WARNING] AGENT RUNNING WITHOUT ADMINISTRATIVE PRIVILEGES. Low-level endpoint telemetries (scapy sniffing, registry write, PowerShell compliance) may fail.
2026-06-26 23:59:45,220 ERROR [deepcytes.output.kafka] kafka-python-ng not installed. Run: pip install kafka-python-ng
2026-06-26 23:59:45,794 WARNING [deepcytes.collectors.ad] Failed to query 'Security' with filter '*[System[((EventID >= 4624 and EventID <= 4776) or (EventID >= 5140 and EventID <= 5145) or (EventID >= 6272 and EventID <= 6273)) and TimeCreated[timediff(@SystemTime) <= 86400000]]]': (5, 'EvtQuery', 'Access is denied.')
2026-06-26 23:59:45,889 WARNING [deepcytes.collectors.dns_sniffer] Scapy sniffing failed: Sniffing and sending packets is not available at layer 2: winpcap is not installed. You may use conf.L3socket or conf.L3socket6 to access layer 3
2026-06-26 23:59:46,165 WARNING [deepcytes.collectors.dns_sniffer] Native Windows sniffing failed: [WinError 10013] An attempt was made to access a socket in a way forbidden by its access permissions
2026-06-26 23:59:46,305 ERROR [deepcytes.collectors.ad] Fallback query for 'Security' also failed: (5, 'EvtQuery', 'Access is denied.')
2026-06-26 23:59:46,390 WARNING [deepcytes.collectors.dns_sniffer] DNS capture unavailable. Sniffer thread remaining idle.
2026-06-26 23:59:49,680 ERROR [deepcytes.output.kafka] kafka-python-ng not installed. Run: pip install kafka-python-ng
2026-06-26 23:59:49,688 ERROR [deepcytes.output.kafka] kafka-python-ng not installed. Run: pip install kafka-python-ng
2026-06-26 23:59:49,759 ERROR [deepcytes.output.kafka] kafka-python-ng not installed. Run: pip install kafka-python-ng
2026-06-26 23:59:49,767 ERROR [deepcytes.output.kafka] kafka-python-ng not installed. Run: pip install kafka-python-ng
2026-06-26 23:59:49,809 ERROR [deepcytes.output.kafka] kafka-python-ng not installed. Run: pip install kafka-python-ng
2026-06-26 23:59:49,818 ERROR [deepcytes.output.kafka] kafka-python-ng not installed. Run: pip install kafka-python-ng
2026-06-26 23:59:49,826 ERROR [deepcytes.output.kafka] kafka-python-ng not installed. Run: pip install kafka-python-ng
2026-06-26 23:59:49,834 ERROR [deepcytes.output.kafka] kafka-python-ng not installed. Run: pip install kafka-python-ng
2026-06-26 23:59:49,845 ERROR [deepcytes.output.kafka] kafka-python-ng not installed. Run: pip install kafka-python-ng
2026-06-26 23:59:49,853 ERROR [deepcytes.output.kafka] kafka-python-ng not installed. Run: pip install kafka-python-ng
2026-06-26 23:59:49,863 ERROR [deepcytes.output.kafka] kafka-python-ng not installed. Run: pip install kafka-python-ng
2026-06-26 23:59:49,869 ERROR [deepcytes.output.kafka] kafka-python-ng not installed. Run: pip install kafka-python-ng
2026-06-26 23:59:49,891 ERROR [deepcytes.output.kafka] kafka-python-ng not installed. Run: pip install kafka-python-ng
2026-06-26 23:59:49,898 ERROR [deepcytes.output.kafka] kafka-python-ng not installed. Run: pip install kafka-python-ng
2026-06-26 23:59:51,056 ERROR [deepcytes.output.kafka] kafka-python-ng not installed. Run: pip install kafka-python-ng
2026-06-26 23:59:51,060 ERROR [deepcytes.output.kafka] kafka-python-ng not installed. Run: pip install kafka-python-ng
2026-06-26 23:59:51,148 ERROR [deepcytes.output.kafka] kafka-python-ng not installed. Run: pip install kafka-python-ng
2026-06-26 23:59:51,154 ERROR [deepcytes.output.kafka] kafka-python-ng not installed. Run: pip install kafka-python-ng
2026-06-26 23:59:51,162 ERROR [deepcytes.output.kafka] kafka-python-ng not installed. Run: pip install kafka-python-ng
2026-06-26 23:59:51,167 ERROR [deepcytes.output.kafka] kafka-python-ng not installed. Run: pip install kafka-python-ng
2026-06-26 23:59:51,174 ERROR [deepcytes.output.kafka] kafka-python-ng not installed. Run: pip install kafka-python-ng
2026-06-26 23:59:51,183 ERROR [deepcytes.output.kafka] kafka-python-ng not installed. Run: pip install kafka-python-ng
2026-06-26 23:59:51,188 ERROR [deepcytes.output.kafka] kafka-python-ng not installed. Run: pip install kafka-python-ng
2026-06-26 23:59:51,203 ERROR [deepcytes.output.kafka] kafka-python-ng not installed. Run: pip install kafka-python-ng
2026-06-26 23:59:51,208 ERROR [deepcytes.output.kafka] kafka-python-ng not installed. Run: pip install kafka-python-ng
2026-06-26 23:59:51,215 ERROR [deepcytes.output.kafka] kafka-python-ng not installed. Run: pip install kafka-python-ng
2026-06-26 23:59:51,221 ERROR [deepcytes.output.kafka] kafka-python-ng not installed. Run: pip install kafka-python-ng
2026-06-26 23:59:51,226 ERROR [deepcytes.output.kafka] kafka-python-ng not installed. Run: pip install kafka-python-ng
2026-06-26 23:59:51,685 WARNING [deepcytes.collectors.ad] Failed to query 'Security' with filter '*[System[((EventID >= 4624 and EventID <= 4776) or (EventID >= 5140 and EventID <= 5145) or (EventID >= 6272 and EventID <= 6273)) and TimeCreated[timediff(@SystemTime) <= 86400000]]]': (5, 'EvtQuery', 'Access is denied.')
2026-06-26 23:59:51,695 ERROR [deepcytes.collectors.ad] Fallback query for 'Security' also failed: (5, 'EvtQuery', 'Access is denied.')
2026-06-26 23:59:52,342 ERROR [deepcytes.output.kafka] kafka-python-ng not installed. Run: pip install kafka-python-ng
2026-06-26 23:59:52,349 ERROR [deepcytes.output.kafka] kafka-python-ng not installed. Run: pip install kafka-python-ng
2026-06-26 23:59:52,372 ERROR [deepcytes.output.kafka] kafka-python-ng not installed. Run: pip install kafka-python-ng
2026-06-26 23:59:52,384 ERROR [deepcytes.output.kafka] kafka-python-ng not installed. Run: pip install kafka-python-ng
2026-06-26 23:59:54,455 ERROR [deepcytes.output.kafka] kafka-python-ng not installed. Run: pip install kafka-python-ng
2026-06-26 23:59:54,460 ERROR [deepcytes.output.kafka] kafka-python-ng not installed. Run: pip install kafka-python-ng
2026-06-26 23:59:54,473 ERROR [deepcytes.output.kafka] kafka-python-ng not installed. Run: pip install kafka-python-ng
2026-06-26 23:59:54,479 ERROR [deepcytes.output.kafka] kafka-python-ng not installed. Run: pip install kafka-python-ng
2026-06-26 23:59:54,488 ERROR [deepcytes.output.kafka] kafka-python-ng not installed. Run: pip install kafka-python-ng
2026-06-26 23:59:54,493 ERROR [deepcytes.output.kafka] kafka-python-ng not installed. Run: pip install kafka-python-ng
2026-06-26 23:59:54,503 ERROR [deepcytes.output.kafka] kafka-python-ng not installed. Run: pip install kafka-python-ng
2026-06-26 23:59:54,509 ERROR [deepcytes.output.kafka] kafka-python-ng not installed. Run: pip install kafka-python-ng
2026-06-26 23:59:54,517 ERROR [deepcytes.output.kafka] kafka-python-ng not installed. Run: pip install kafka-python-ng
2026-06-26 23:59:54,522 ERROR [deepcytes.output.kafka] kafka-python-ng not installed. Run: pip install kafka-python-ng
2026-06-26 23:59:54,544 ERROR [deepcytes.output.kafka] kafka-python-ng not installed. Run: pip install kafka-python-ng
2026-06-26 23:59:54,547 ERROR [deepcytes.output.kafka] kafka-python-ng not installed. Run: pip install kafka-python-ng
2026-06-26 23:59:54,554 ERROR [deepcytes.output.kafka] kafka-python-ng not installed. Run: pip install kafka-python-ng
2026-06-26 23:59:54,558 ERROR [deepcytes.output.kafka] kafka-python-ng not installed. Run: pip install kafka-python-ng
2026-06-26 23:59:56,761 WARNING [deepcytes.collectors.ad] Failed to query 'Security' with filter '*[System[((EventID >= 4624 and EventID <= 4776) or (EventID >= 5140 and EventID <= 5145) or (EventID >= 6272 and EventID <= 6273)) and TimeCreated[timediff(@SystemTime) <= 86400000]]]': (5, 'EvtQuery', 'Access is denied.')
2026-06-26 23:59:56,786 ERROR [deepcytes.collectors.ad] Fallback query for 'Security' also failed: (5, 'EvtQuery', 'Access is denied.')
2026-06-26 23:59:58,498 ERROR [deepcytes.output.kafka] kafka-python-ng not installed. Run: pip install kafka-python-ng
2026-06-26 23:59:58,508 ERROR [deepcytes.output.kafka] kafka-python-ng not installed. Run: pip install kafka-python-ng
2026-06-26 23:59:58,515 ERROR [deepcytes.output.kafka] kafka-python-ng not installed. Run: pip install kafka-python-ng
2026-06-26 23:59:58,524 ERROR [deepcytes.output.kafka] kafka-python-ng not installed. Run: pip install kafka-python-ng
2026-06-27 00:00:00,558 ERROR [deepcytes.output.kafka] kafka-python-ng not installed. Run: pip install kafka-python-ng
2026-06-27 00:00:00,654 ERROR [deepcytes.output.kafka] kafka-python-ng not installed. Run: pip install kafka-python-ng
2026-06-27 00:00:00,797 ERROR [deepcytes.output.kafka] kafka-python-ng not installed. Run: pip install kafka-python-ng
2026-06-27 00:00:00,854 ERROR [deepcytes.output.kafka] kafka-python-ng not installed. Run: pip install kafka-python-ng
2026-06-27 00:00:00,887 ERROR [deepcytes.output.kafka] kafka-python-ng not installed. Run: pip install kafka-python-ng
2026-06-27 00:00:00,895 ERROR [deepcytes.output.kafka] kafka-python-ng not installed. Run: pip install kafka-python-ng
2026-06-27 00:00:00,905 ERROR [deepcytes.output.kafka] kafka-python-ng not installed. Run: pip install kafka-python-ng
2026-06-27 00:00:00,921 ERROR [deepcytes.output.kafka] kafka-python-ng not installed. Run: pip install kafka-python-ng
2026-06-27 00:00:00,938 ERROR [deepcytes.output.kafka] kafka-python-ng not installed. Run: pip install kafka-python-ng
2026-06-27 00:00:00,952 ERROR [deepcytes.output.kafka] kafka-python-ng not installed. Run: pip install kafka-python-ng
2026-06-27 00:00:00,992 ERROR [deepcytes.output.kafka] kafka-python-ng not installed. Run: pip install kafka-python-ng
2026-06-27 00:00:01,001 ERROR [deepcytes.output.kafka] kafka-python-ng not installed. Run: pip install kafka-python-ng
2026-06-27 00:00:01,039 ERROR [deepcytes.output.kafka] kafka-python-ng not installed. Run: pip install kafka-python-ng
2026-06-27 00:00:01,053 ERROR [deepcytes.output.kafka] kafka-python-ng not installed. Run: pip install kafka-python-ng
2026-06-27 00:00:01,075 ERROR [deepcytes.output.kafka] kafka-python-ng not installed. Run: pip install kafka-python-ng
2026-06-27 00:00:01,080 ERROR [deepcytes.output.kafka] kafka-python-ng not installed. Run: pip install kafka-python-ng
2026-06-27 00:00:01,101 ERROR [deepcytes.output.kafka] kafka-python-ng not installed. Run: pip install kafka-python-ng
2026-06-27 00:00:01,110 ERROR [deepcytes.output.kafka] kafka-python-ng not installed. Run: pip install kafka-python-ng
2026-06-27 00:00:01,124 ERROR [deepcytes.output.kafka] kafka-python-ng not installed. Run: pip install kafka-python-ng
2026-06-27 00:00:01,140 ERROR [deepcytes.output.kafka] kafka-python-ng not installed. Run: pip install kafka-python-ng
2026-06-27 00:00:01,152 ERROR [deepcytes.output.kafka] kafka-python-ng not installed. Run: pip install kafka-python-ng
2026-06-27 00:00:01,158 ERROR [deepcytes.output.kafka] kafka-python-ng not installed. Run: pip install kafka-python-ng
2026-06-27 00:00:01,170 ERROR [deepcytes.output.kafka] kafka-python-ng not installed. Run: pip install kafka-python-ng
2026-06-27 00:00:01,176 ERROR [deepcytes.output.kafka] kafka-python-ng not installed. Run: pip install kafka-python-ng
2026-06-27 00:00:01,255 ERROR [deepcytes.output.kafka] kafka-python-ng not installed. Run: pip install kafka-python-ng
2026-06-27 00:00:01,282 ERROR [deepcytes.output.kafka] kafka-python-ng not installed. Run: pip install kafka-python-ng
2026-06-27 00:00:01,334 ERROR [deepcytes.output.kafka] kafka-python-ng not installed. Run: pip install kafka-python-ng
2026-06-27 00:00:01,357 ERROR [deepcytes.output.kafka] kafka-python-ng not installed. Run: pip install kafka-python-ng
2026-06-27 00:00:01,373 ERROR [deepcytes.output.kafka] kafka-python-ng not installed. Run: pip install kafka-python-ng
2026-06-27 00:00:01,388 ERROR [deepcytes.output.kafka] kafka-python-ng not installed. Run: pip install kafka-python-ng
2026-06-27 00:00:01,411 ERROR [deepcytes.output.kafka] kafka-python-ng not installed. Run: pip install kafka-python-ng
2026-06-27 00:00:01,428 ERROR [deepcytes.output.kafka] kafka-python-ng not installed. Run: pip install kafka-python-ng
2026-06-27 00:00:01,475 ERROR [deepcytes.output.kafka] kafka-python-ng not installed. Run: pip install kafka-python-ng
2026-06-27 00:00:01,515 ERROR [deepcytes.output.kafka] kafka-python-ng not installed. Run: pip install kafka-python-ng
2026-06-27 00:00:01,552 ERROR [deepcytes.output.kafka] kafka-python-ng not installed. Run: pip install kafka-python-ng
2026-06-27 00:00:01,562 ERROR [deepcytes.output.kafka] kafka-python-ng not installed. Run: pip install kafka-python-ng
2026-06-27 00:00:01,574 ERROR [deepcytes.output.kafka] kafka-python-ng not installed. Run: pip install kafka-python-ng
2026-06-27 00:00:01,583 ERROR [deepcytes.output.kafka] kafka-python-ng not installed. Run: pip install kafka-python-ng
2026-06-27 00:00:01,596 ERROR [deepcytes.output.kafka] kafka-python-ng not installed. Run: pip install kafka-python-ng
2026-06-27 00:00:01,604 ERROR [deepcytes.output.kafka] kafka-python-ng not installed. Run: pip install kafka-python-ng
2026-06-27 00:00:01,961 WARNING [deepcytes.collectors.ad] Failed to query 'Security' with filter '*[System[((EventID >= 4624 and EventID <= 4776) or (EventID >= 5140 and EventID <= 5145) or (EventID >= 6272 and EventID <= 6273)) and TimeCreated[timediff(@SystemTime) <= 86400000]]]': (5, 'EvtQuery', 'Access is denied.')
2026-06-27 00:00:01,998 ERROR [deepcytes.collectors.ad] Fallback query for 'Security' also failed: (5, 'EvtQuery', 'Access is denied.')
2026-06-27 00:00:02,956 ERROR [deepcytes.output.kafka] kafka-python-ng not installed. Run: pip install kafka-python-ng
2026-06-27 00:00:03,072 ERROR [deepcytes.output.kafka] kafka-python-ng not installed. Run: pip install kafka-python-ng
2026-06-27 00:00:03,090 ERROR [deepcytes.output.kafka] kafka-python-ng not installed. Run: pip install kafka-python-ng
2026-06-27 00:00:03,097 ERROR [deepcytes.output.kafka] kafka-python-ng not installed. Run: pip install kafka-python-ng
2026-06-27 00:00:03,110 ERROR [deepcytes.output.kafka] kafka-python-ng not installed. Run: pip install kafka-python-ng
2026-06-27 00:00:03,126 ERROR [deepcytes.output.kafka] kafka-python-ng not installed. Run: pip install kafka-python-ng
2026-06-27 00:00:03,135 ERROR [deepcytes.output.kafka] kafka-python-ng not installed. Run: pip install kafka-python-ng
2026-06-27 00:00:03,144 ERROR [deepcytes.output.kafka] kafka-python-ng not installed. Run: pip install kafka-python-ng
2026-06-27 00:00:03,162 ERROR [deepcytes.output.kafka] kafka-python-ng not installed. Run: pip install kafka-python-ng
2026-06-27 00:00:03,174 ERROR [deepcytes.output.kafka] kafka-python-ng not installed. Run: pip install kafka-python-ng
2026-06-27 00:00:03,186 ERROR [deepcytes.output.kafka] kafka-python-ng not installed. Run: pip install kafka-python-ng
2026-06-27 00:00:03,199 ERROR [deepcytes.output.kafka] kafka-python-ng not installed. Run: pip install kafka-python-ng
2026-06-27 00:00:03,213 ERROR [deepcytes.output.kafka] kafka-python-ng not installed. Run: pip install kafka-python-ng
2026-06-27 00:00:03,218 ERROR [deepcytes.output.kafka] kafka-python-ng not installed. Run: pip install kafka-python-ng
2026-06-27 00:00:03,229 ERROR [deepcytes.output.kafka] kafka-python-ng not installed. Run: pip install kafka-python-ng
2026-06-27 00:00:03,235 ERROR [deepcytes.output.kafka] kafka-python-ng not installed. Run: pip install kafka-python-ng
2026-06-27 00:00:03,243 ERROR [deepcytes.output.kafka] kafka-python-ng not installed. Run: pip install kafka-python-ng
2026-06-27 00:00:03,250 ERROR [deepcytes.output.kafka] kafka-python-ng not installed. Run: pip install kafka-python-ng
2026-06-27 00:00:03,258 ERROR [deepcytes.output.kafka] kafka-python-ng not installed. Run: pip install kafka-python-ng
2026-06-27 00:00:03,268 ERROR [deepcytes.output.kafka] kafka-python-ng not installed. Run: pip install kafka-python-ng
2026-06-27 00:00:03,277 ERROR [deepcytes.output.kafka] kafka-python-ng not installed. Run: pip install kafka-python-ng
2026-06-27 00:00:03,285 ERROR [deepcytes.output.kafka] kafka-python-ng not installed. Run: pip install kafka-python-ng
2026-06-27 00:00:03,299 ERROR [deepcytes.output.kafka] kafka-python-ng not installed. Run: pip install kafka-python-ng
2026-06-27 00:00:03,305 ERROR [deepcytes.output.kafka] kafka-python-ng not installed. Run: pip install kafka-python-ng
2026-06-27 00:00:03,328 ERROR [deepcytes.output.kafka] kafka-python-ng not installed. Run: pip install kafka-python-ng
2026-06-27 00:00:03,335 ERROR [deepcytes.output.kafka] kafka-python-ng not installed. Run: pip install kafka-python-ng
2026-06-27 00:00:03,344 ERROR [deepcytes.output.kafka] kafka-python-ng not installed. Run: pip install kafka-python-ng
2026-06-27 00:00:03,364 ERROR [deepcytes.output.kafka] kafka-python-ng not installed. Run: pip install kafka-python-ng
2026-06-27 00:00:03,380 ERROR [deepcytes.output.kafka] kafka-python-ng not installed. Run: pip install kafka-python-ng
2026-06-27 00:00:03,389 ERROR [deepcytes.output.kafka] kafka-python-ng not installed. Run: pip install kafka-python-ng
2026-06-27 00:00:03,398 ERROR [deepcytes.output.kafka] kafka-python-ng not installed. Run: pip install kafka-python-ng
2026-06-27 00:00:03,410 ERROR [deepcytes.output.kafka] kafka-python-ng not installed. Run: pip install kafka-python-ng
2026-06-27 00:00:03,419 ERROR [deepcytes.output.kafka] kafka-python-ng not installed. Run: pip install kafka-python-ng
2026-06-27 00:00:03,430 ERROR [deepcytes.output.kafka] kafka-python-ng not installed. Run: pip install kafka-python-ng
2026-06-27 00:00:03,437 ERROR [deepcytes.output.kafka] kafka-python-ng not installed. Run: pip install kafka-python-ng
2026-06-27 00:00:03,443 ERROR [deepcytes.output.kafka] kafka-python-ng not installed. Run: pip install kafka-python-ng
2026-06-27 00:00:03,454 ERROR [deepcytes.output.kafka] kafka-python-ng not installed. Run: pip install kafka-python-ng
2026-06-27 00:00:03,463 ERROR [deepcytes.output.kafka] kafka-python-ng not installed. Run: pip install kafka-python-ng
2026-06-27 00:00:03,477 ERROR [deepcytes.output.kafka] kafka-python-ng not installed. Run: pip install kafka-python-ng
2026-06-27 00:00:03,482 ERROR [deepcytes.output.kafka] kafka-python-ng not installed. Run: pip install kafka-python-ng
2026-06-27 00:00:04,736 ERROR [deepcytes.output.kafka] kafka-python-ng not installed. Run: pip install kafka-python-ng
2026-06-27 00:00:04,760 ERROR [deepcytes.output.kafka] kafka-python-ng not installed. Run: pip install kafka-python-ng
2026-06-27 00:00:04,827 ERROR [deepcytes.output.kafka] kafka-python-ng not installed. Run: pip install kafka-python-ng
2026-06-27 00:00:04,877 ERROR [deepcytes.output.kafka] kafka-python-ng not installed. Run: pip install kafka-python-ng
2026-06-27 00:00:04,917 ERROR [deepcytes.output.kafka] kafka-python-ng not installed. Run: pip install kafka-python-ng
2026-06-27 00:00:04,923 ERROR [deepcytes.output.kafka] kafka-python-ng not installed. Run: pip install kafka-python-ng
2026-06-27 00:00:04,930 ERROR [deepcytes.output.kafka] kafka-python-ng not installed. Run: pip install kafka-python-ng
2026-06-27 00:00:04,940 ERROR [deepcytes.output.kafka] kafka-python-ng not installed. Run: pip install kafka-python-ng
2026-06-27 00:00:04,947 ERROR [deepcytes.output.kafka] kafka-python-ng not installed. Run: pip install kafka-python-ng
2026-06-27 00:00:04,955 ERROR [deepcytes.output.kafka] kafka-python-ng not installed. Run: pip install kafka-python-ng
2026-06-27 00:00:04,965 ERROR [deepcytes.output.kafka] kafka-python-ng not installed. Run: pip install kafka-python-ng
2026-06-27 00:00:04,971 ERROR [deepcytes.output.kafka] kafka-python-ng not installed. Run: pip install kafka-python-ng
2026-06-27 00:00:04,982 ERROR [deepcytes.output.kafka] kafka-python-ng not installed. Run: pip install kafka-python-ng
2026-06-27 00:00:04,994 ERROR [deepcytes.output.kafka] kafka-python-ng not installed. Run: pip install kafka-python-ng
2026-06-27 00:00:05,005 ERROR [deepcytes.output.kafka] kafka-python-ng not installed. Run: pip install kafka-python-ng
2026-06-27 00:00:05,012 ERROR [deepcytes.output.kafka] kafka-python-ng not installed. Run: pip install kafka-python-ng
2026-06-27 00:00:05,026 ERROR [deepcytes.output.kafka] kafka-python-ng not installed. Run: pip install kafka-python-ng
2026-06-27 00:00:05,032 ERROR [deepcytes.output.kafka] kafka-python-ng not installed. Run: pip install kafka-python-ng
2026-06-27 00:00:05,046 ERROR [deepcytes.output.kafka] kafka-python-ng not installed. Run: pip install kafka-python-ng
2026-06-27 00:00:05,055 ERROR [deepcytes.output.kafka] kafka-python-ng not installed. Run: pip install kafka-python-ng
2026-06-27 00:00:05,064 ERROR [deepcytes.output.kafka] kafka-python-ng not installed. Run: pip install kafka-python-ng
2026-06-27 00:00:05,070 ERROR [deepcytes.output.kafka] kafka-python-ng not installed. Run: pip install kafka-python-ng
2026-06-27 00:00:05,080 ERROR [deepcytes.output.kafka] kafka-python-ng not installed. Run: pip install kafka-python-ng
2026-06-27 00:00:05,092 ERROR [deepcytes.output.kafka] kafka-python-ng not installed. Run: pip install kafka-python-ng
2026-06-27 00:00:05,101 ERROR [deepcytes.output.kafka] kafka-python-ng not installed. Run: pip install kafka-python-ng
2026-06-27 00:00:05,107 ERROR [deepcytes.output.kafka] kafka-python-ng not installed. Run: pip install kafka-python-ng
2026-06-27 00:00:05,116 ERROR [deepcytes.output.kafka] kafka-python-ng not installed. Run: pip install kafka-python-ng
2026-06-27 00:00:05,125 ERROR [deepcytes.output.kafka] kafka-python-ng not installed. Run: pip install kafka-python-ng
2026-06-27 00:00:05,134 ERROR [deepcytes.output.kafka] kafka-python-ng not installed. Run: pip install kafka-python-ng
2026-06-27 00:00:05,140 ERROR [deepcytes.output.kafka] kafka-python-ng not installed. Run: pip install kafka-python-ng
2026-06-27 00:00:05,146 ERROR [deepcytes.output.kafka] kafka-python-ng not installed. Run: pip install kafka-python-ng
2026-06-27 00:00:05,153 ERROR [deepcytes.output.kafka] kafka-python-ng not installed. Run: pip install kafka-python-ng
2026-06-27 00:00:05,164 ERROR [deepcytes.output.kafka] kafka-python-ng not installed. Run: pip install kafka-python-ng
2026-06-27 00:00:05,173 ERROR [deepcytes.output.kafka] kafka-python-ng not installed. Run: pip install kafka-python-ng
2026-06-27 00:00:05,182 ERROR [deepcytes.output.kafka] kafka-python-ng not installed. Run: pip install kafka-python-ng
2026-06-27 00:00:05,188 ERROR [deepcytes.output.kafka] kafka-python-ng not installed. Run: pip install kafka-python-ng
2026-06-27 00:00:05,197 ERROR [deepcytes.output.kafka] kafka-python-ng not installed. Run: pip install kafka-python-ng
2026-06-27 00:00:05,205 ERROR [deepcytes.output.kafka] kafka-python-ng not installed. Run: pip install kafka-python-ng
2026-06-27 00:00:05,210 ERROR [deepcytes.output.kafka] kafka-python-ng not installed. Run: pip install kafka-python-ng
2026-06-27 00:00:05,218 ERROR [deepcytes.output.kafka] kafka-python-ng not installed. Run: pip install kafka-python-ng
2026-06-27 00:00:06,762 ERROR [deepcytes.output.kafka] kafka-python-ng not installed. Run: pip install kafka-python-ng
2026-06-27 00:00:06,809 ERROR [deepcytes.output.kafka] kafka-python-ng not installed. Run: pip install kafka-python-ng
2026-06-27 00:00:06,905 ERROR [deepcytes.output.kafka] kafka-python-ng not installed. Run: pip install kafka-python-ng
2026-06-27 00:00:06,940 ERROR [deepcytes.output.kafka] kafka-python-ng not installed. Run: pip install kafka-python-ng
2026-06-27 00:00:06,952 ERROR [deepcytes.output.kafka] kafka-python-ng not installed. Run: pip install kafka-python-ng
2026-06-27 00:00:06,957 ERROR [deepcytes.output.kafka] kafka-python-ng not installed. Run: pip install kafka-python-ng
2026-06-27 00:00:06,964 ERROR [deepcytes.output.kafka] kafka-python-ng not installed. Run: pip install kafka-python-ng
2026-06-27 00:00:06,972 ERROR [deepcytes.output.kafka] kafka-python-ng not installed. Run: pip install kafka-python-ng
2026-06-27 00:00:06,980 ERROR [deepcytes.output.kafka] kafka-python-ng not installed. Run: pip install kafka-python-ng
2026-06-27 00:00:06,987 ERROR [deepcytes.output.kafka] kafka-python-ng not installed. Run: pip install kafka-python-ng
2026-06-27 00:00:06,998 ERROR [deepcytes.output.kafka] kafka-python-ng not installed. Run: pip install kafka-python-ng
2026-06-27 00:00:07,007 ERROR [deepcytes.output.kafka] kafka-python-ng not installed. Run: pip install kafka-python-ng
2026-06-27 00:00:07,017 ERROR [deepcytes.output.kafka] kafka-python-ng not installed. Run: pip install kafka-python-ng
2026-06-27 00:00:07,027 ERROR [deepcytes.output.kafka] kafka-python-ng not installed. Run: pip install kafka-python-ng
2026-06-27 00:00:07,036 ERROR [deepcytes.output.kafka] kafka-python-ng not installed. Run: pip install kafka-python-ng
2026-06-27 00:00:07,043 ERROR [deepcytes.output.kafka] kafka-python-ng not installed. Run: pip install kafka-python-ng
2026-06-27 00:00:07,052 ERROR [deepcytes.output.kafka] kafka-python-ng not installed. Run: pip install kafka-python-ng
2026-06-27 00:00:07,057 ERROR [deepcytes.output.kafka] kafka-python-ng not installed. Run: pip install kafka-python-ng
2026-06-27 00:00:07,066 ERROR [deepcytes.output.kafka] kafka-python-ng not installed. Run: pip install kafka-python-ng
2026-06-27 00:00:07,073 ERROR [deepcytes.output.kafka] kafka-python-ng not installed. Run: pip install kafka-python-ng
2026-06-27 00:00:07,082 ERROR [deepcytes.output.kafka] kafka-python-ng not installed. Run: pip install kafka-python-ng
2026-06-27 00:00:07,088 ERROR [deepcytes.output.kafka] kafka-python-ng not installed. Run: pip install kafka-python-ng
2026-06-27 00:00:07,093 ERROR [deepcytes.output.kafka] kafka-python-ng not installed. Run: pip install kafka-python-ng
2026-06-27 00:00:07,102 ERROR [deepcytes.output.kafka] kafka-python-ng not installed. Run: pip install kafka-python-ng
2026-06-27 00:00:07,110 ERROR [deepcytes.output.kafka] kafka-python-ng not installed. Run: pip install kafka-python-ng
2026-06-27 00:00:07,115 ERROR [deepcytes.output.kafka] kafka-python-ng not installed. Run: pip install kafka-python-ng
2026-06-27 00:00:07,124 ERROR [deepcytes.output.kafka] kafka-python-ng not installed. Run: pip install kafka-python-ng
2026-06-27 00:00:07,128 ERROR [deepcytes.output.kafka] kafka-python-ng not installed. Run: pip install kafka-python-ng
2026-06-27 00:00:07,140 ERROR [deepcytes.output.kafka] kafka-python-ng not installed. Run: pip install kafka-python-ng
2026-06-27 00:00:07,148 ERROR [deepcytes.output.kafka] kafka-python-ng not installed. Run: pip install kafka-python-ng
2026-06-27 00:00:07,157 ERROR [deepcytes.output.kafka] kafka-python-ng not installed. Run: pip install kafka-python-ng
2026-06-27 00:00:07,165 ERROR [deepcytes.output.kafka] kafka-python-ng not installed. Run: pip install kafka-python-ng
2026-06-27 00:00:07,176 ERROR [deepcytes.output.kafka] kafka-python-ng not installed. Run: pip install kafka-python-ng
2026-06-27 00:00:07,192 ERROR [deepcytes.output.kafka] kafka-python-ng not installed. Run: pip install kafka-python-ng
2026-06-27 00:00:07,210 ERROR [deepcytes.output.kafka] kafka-python-ng not installed. Run: pip install kafka-python-ng
2026-06-27 00:00:07,221 ERROR [deepcytes.output.kafka] kafka-python-ng not installed. Run: pip install kafka-python-ng
2026-06-27 00:00:07,249 WARNING [deepcytes.collectors.ad] Failed to query 'Security' with filter '*[System[((EventID >= 4624 and EventID <= 4776) or (EventID >= 5140 and EventID <= 5145) or (EventID >= 6272 and EventID <= 6273)) and TimeCreated[timediff(@SystemTime) <= 86400000]]]': (5, 'EvtQuery', 'Access is denied.')
2026-06-27 00:00:07,252 ERROR [deepcytes.output.kafka] kafka-python-ng not installed. Run: pip install kafka-python-ng
2026-06-27 00:00:07,294 ERROR [deepcytes.output.kafka] kafka-python-ng not installed. Run: pip install kafka-python-ng
2026-06-27 00:00:07,316 ERROR [deepcytes.output.kafka] kafka-python-ng not installed. Run: pip install kafka-python-ng
2026-06-27 00:00:07,333 ERROR [deepcytes.output.kafka] kafka-python-ng not installed. Run: pip install kafka-python-ng
2026-06-27 00:00:07,411 ERROR [deepcytes.collectors.ad] Fallback query for 'Security' also failed: (5, 'EvtQuery', 'Access is denied.')
2026-06-27 00:00:08,783 ERROR [deepcytes.output.kafka] kafka-python-ng not installed. Run: pip install kafka-python-ng
2026-06-27 00:00:08,813 ERROR [deepcytes.output.kafka] kafka-python-ng not installed. Run: pip install kafka-python-ng
2026-06-27 00:00:08,907 ERROR [deepcytes.output.kafka] kafka-python-ng not installed. Run: pip install kafka-python-ng
2026-06-27 00:00:08,942 ERROR [deepcytes.output.kafka] kafka-python-ng not installed. Run: pip install kafka-python-ng
2026-06-27 00:00:08,954 ERROR [deepcytes.output.kafka] kafka-python-ng not installed. Run: pip install kafka-python-ng
2026-06-27 00:00:08,957 ERROR [deepcytes.output.kafka] kafka-python-ng not installed. Run: pip install kafka-python-ng
2026-06-27 00:00:08,966 ERROR [deepcytes.output.kafka] kafka-python-ng not installed. Run: pip install kafka-python-ng
2026-06-27 00:00:08,971 ERROR [deepcytes.output.kafka] kafka-python-ng not installed. Run: pip install kafka-python-ng
2026-06-27 00:00:08,979 ERROR [deepcytes.output.kafka] kafka-python-ng not installed. Run: pip install kafka-python-ng
2026-06-27 00:00:08,985 ERROR [deepcytes.output.kafka] kafka-python-ng not installed. Run: pip install kafka-python-ng
2026-06-27 00:00:08,992 ERROR [deepcytes.output.kafka] kafka-python-ng not installed. Run: pip install kafka-python-ng
2026-06-27 00:00:09,001 ERROR [deepcytes.output.kafka] kafka-python-ng not installed. Run: pip install kafka-python-ng
2026-06-27 00:00:09,008 ERROR [deepcytes.output.kafka] kafka-python-ng not installed. Run: pip install kafka-python-ng
2026-06-27 00:00:09,013 ERROR [deepcytes.output.kafka] kafka-python-ng not installed. Run: pip install kafka-python-ng
2026-06-27 00:00:09,021 ERROR [deepcytes.output.kafka] kafka-python-ng not installed. Run: pip install kafka-python-ng
2026-06-27 00:00:09,027 ERROR [deepcytes.output.kafka] kafka-python-ng not installed. Run: pip install kafka-python-ng
2026-06-27 00:00:09,035 ERROR [deepcytes.output.kafka] kafka-python-ng not installed. Run: pip install kafka-python-ng
2026-06-27 00:00:09,040 ERROR [deepcytes.output.kafka] kafka-python-ng not installed. Run: pip install kafka-python-ng
2026-06-27 00:00:09,050 ERROR [deepcytes.output.kafka] kafka-python-ng not installed. Run: pip install kafka-python-ng
2026-06-27 00:00:09,054 ERROR [deepcytes.output.kafka] kafka-python-ng not installed. Run: pip install kafka-python-ng
2026-06-27 00:00:09,064 ERROR [deepcytes.output.kafka] kafka-python-ng not installed. Run: pip install kafka-python-ng
2026-06-27 00:00:09,071 ERROR [deepcytes.output.kafka] kafka-python-ng not installed. Run: pip install kafka-python-ng
2026-06-27 00:00:09,078 ERROR [deepcytes.output.kafka] kafka-python-ng not installed. Run: pip install kafka-python-ng
2026-06-27 00:00:09,086 ERROR [deepcytes.output.kafka] kafka-python-ng not installed. Run: pip install kafka-python-ng
2026-06-27 00:00:09,094 ERROR [deepcytes.output.kafka] kafka-python-ng not installed. Run: pip install kafka-python-ng
2026-06-27 00:00:09,100 ERROR [deepcytes.output.kafka] kafka-python-ng not installed. Run: pip install kafka-python-ng
2026-06-27 00:00:09,109 ERROR [deepcytes.output.kafka] kafka-python-ng not installed. Run: pip install kafka-python-ng
2026-06-27 00:00:09,116 ERROR [deepcytes.output.kafka] kafka-python-ng not installed. Run: pip install kafka-python-ng
2026-06-27 00:00:09,123 ERROR [deepcytes.output.kafka] kafka-python-ng not installed. Run: pip install kafka-python-ng
2026-06-27 00:00:09,129 ERROR [deepcytes.output.kafka] kafka-python-ng not installed. Run: pip install kafka-python-ng
2026-06-27 00:00:09,143 ERROR [deepcytes.output.kafka] kafka-python-ng not installed. Run: pip install kafka-python-ng
2026-06-27 00:00:09,154 ERROR [deepcytes.output.kafka] kafka-python-ng not installed. Run: pip install kafka-python-ng
2026-06-27 00:00:09,171 ERROR [deepcytes.output.kafka] kafka-python-ng not installed. Run: pip install kafka-python-ng
2026-06-27 00:00:09,180 ERROR [deepcytes.output.kafka] kafka-python-ng not installed. Run: pip install kafka-python-ng
2026-06-27 00:00:09,192 ERROR [deepcytes.output.kafka] kafka-python-ng not installed. Run: pip install kafka-python-ng
2026-06-27 00:00:09,201 ERROR [deepcytes.output.kafka] kafka-python-ng not installed. Run: pip install kafka-python-ng
2026-06-27 00:00:09,210 ERROR [deepcytes.output.kafka] kafka-python-ng not installed. Run: pip install kafka-python-ng
2026-06-27 00:00:09,223 ERROR [deepcytes.output.kafka] kafka-python-ng not installed. Run: pip install kafka-python-ng
2026-06-27 00:00:09,235 ERROR [deepcytes.output.kafka] kafka-python-ng not installed. Run: pip install kafka-python-ng
2026-06-27 00:00:09,243 ERROR [deepcytes.output.kafka] kafka-python-ng not installed. Run: pip install kafka-python-ng
2026-06-27 00:00:11,695 ERROR [deepcytes.output.kafka] kafka-python-ng not installed. Run: pip install kafka-python-ng
2026-06-27 00:00:12,479 WARNING [deepcytes.collectors.ad] Failed to query 'Security' with filter '*[System[((EventID >= 4624 and EventID <= 4776) or (EventID >= 5140 and EventID <= 5145) or (EventID >= 6272 and EventID <= 6273)) and TimeCreated[timediff(@SystemTime) <= 86400000]]]': (5, 'EvtQuery', 'Access is denied.')
2026-06-27 00:00:12,485 ERROR [deepcytes.collectors.ad] Fallback query for 'Security' also failed: (5, 'EvtQuery', 'Access is denied.')
2026-06-27 00:00:12,739 ERROR [deepcytes.output.kafka] kafka-python-ng not installed. Run: pip install kafka-python-ng
2026-06-27 00:00:12,745 ERROR [deepcytes.output.kafka] kafka-python-ng not installed. Run: pip install kafka-python-ng
2026-06-27 00:00:12,771 ERROR [deepcytes.output.kafka] kafka-python-ng not installed. Run: pip install kafka-python-ng
2026-06-27 00:00:12,779 ERROR [deepcytes.output.kafka] kafka-python-ng not installed. Run: pip install kafka-python-ng
2026-06-27 00:00:12,800 ERROR [deepcytes.output.kafka] kafka-python-ng not installed. Run: pip install kafka-python-ng
2026-06-27 00:00:12,807 ERROR [deepcytes.output.kafka] kafka-python-ng not installed. Run: pip install kafka-python-ng
2026-06-27 00:00:13,174 ERROR [deepcytes.output.kafka] kafka-python-ng not installed. Run: pip install kafka-python-ng
2026-06-27 00:00:14,476 ERROR [deepcytes.output.kafka] kafka-python-ng not installed. Run: pip install kafka-python-ng
2026-06-27 00:00:15,661 ERROR [deepcytes.output.kafka] kafka-python-ng not installed. Run: pip install kafka-python-ng
2026-06-27 00:00:16,812 ERROR [deepcytes.output.kafka] kafka-python-ng not installed. Run: pip install kafka-python-ng
2026-06-27 00:00:16,823 ERROR [deepcytes.output.kafka] kafka-python-ng not installed. Run: pip install kafka-python-ng
2026-06-27 00:00:16,868 ERROR [deepcytes.output.kafka] kafka-python-ng not installed. Run: pip install kafka-python-ng
2026-06-27 00:00:16,883 ERROR [deepcytes.output.kafka] kafka-python-ng not installed. Run: pip install kafka-python-ng
2026-06-27 00:00:16,893 ERROR [deepcytes.output.kafka] kafka-python-ng not installed. Run: pip install kafka-python-ng
2026-06-27 00:00:16,899 ERROR [deepcytes.output.kafka] kafka-python-ng not installed. Run: pip install kafka-python-ng
2026-06-27 00:00:16,919 ERROR [deepcytes.output.kafka] kafka-python-ng not installed. Run: pip install kafka-python-ng
2026-06-27 00:00:16,925 ERROR [deepcytes.output.kafka] kafka-python-ng not installed. Run: pip install kafka-python-ng
2026-06-27 00:00:17,495 WARNING [deepcytes.collectors.ad] Failed to query 'Security' with filter '*[System[((EventID >= 4624 and EventID <= 4776) or (EventID >= 5140 and EventID <= 5145) or (EventID >= 6272 and EventID <= 6273)) and TimeCreated[timediff(@SystemTime) <= 86400000]]]': (5, 'EvtQuery', 'Access is denied.')
2026-06-27 00:00:17,503 ERROR [deepcytes.collectors.ad] Fallback query for 'Security' also failed: (5, 'EvtQuery', 'Access is denied.')
2026-06-27 00:00:18,904 ERROR [deepcytes.output.kafka] kafka-python-ng not installed. Run: pip install kafka-python-ng
2026-06-27 00:00:18,912 ERROR [deepcytes.output.kafka] kafka-python-ng not installed. Run: pip install kafka-python-ng
2026-06-27 00:00:19,063 ERROR [deepcytes.output.kafka] kafka-python-ng not installed. Run: pip install kafka-python-ng
2026-06-27 00:00:19,076 ERROR [deepcytes.output.kafka] kafka-python-ng not installed. Run: pip install kafka-python-ng
2026-06-27 00:00:20,935 ERROR [deepcytes.output.kafka] kafka-python-ng not installed. Run: pip install kafka-python-ng
2026-06-27 00:00:20,941 ERROR [deepcytes.output.kafka] kafka-python-ng not installed. Run: pip install kafka-python-ng
2026-06-27 00:00:20,950 ERROR [deepcytes.output.kafka] kafka-python-ng not installed. Run: pip install kafka-python-ng
2026-06-27 00:00:20,955 ERROR [deepcytes.output.kafka] kafka-python-ng not installed. Run: pip install kafka-python-ng
2026-06-27 00:00:20,994 ERROR [deepcytes.output.kafka] kafka-python-ng not installed. Run: pip install kafka-python-ng
2026-06-27 00:00:21,001 ERROR [deepcytes.output.kafka] kafka-python-ng not installed. Run: pip install kafka-python-ng
2026-06-27 00:00:21,024 ERROR [deepcytes.output.kafka] kafka-python-ng not installed. Run: pip install kafka-python-ng
2026-06-27 00:00:21,033 ERROR [deepcytes.output.kafka] kafka-python-ng not installed. Run: pip install kafka-python-ng
2026-06-27 00:00:21,053 ERROR [deepcytes.output.kafka] kafka-python-ng not installed. Run: pip install kafka-python-ng
2026-06-27 00:00:21,060 ERROR [deepcytes.output.kafka] kafka-python-ng not installed. Run: pip install kafka-python-ng
2026-06-27 00:00:22,245 ERROR [deepcytes.output.kafka] kafka-python-ng not installed. Run: pip install kafka-python-ng
2026-06-27 00:00:22,521 WARNING [deepcytes.collectors.ad] Failed to query 'Security' with filter '*[System[((EventID >= 4624 and EventID <= 4776) or (EventID >= 5140 and EventID <= 5145) or (EventID >= 6272 and EventID <= 6273)) and TimeCreated[timediff(@SystemTime) <= 86400000]]]': (5, 'EvtQuery', 'Access is denied.')
2026-06-27 00:00:22,526 ERROR [deepcytes.collectors.ad] Fallback query for 'Security' also failed: (5, 'EvtQuery', 'Access is denied.')
2026-06-27 00:00:22,995 ERROR [deepcytes.output.kafka] kafka-python-ng not installed. Run: pip install kafka-python-ng
2026-06-27 00:00:23,010 ERROR [deepcytes.output.kafka] kafka-python-ng not installed. Run: pip install kafka-python-ng
2026-06-27 00:00:23,017 ERROR [deepcytes.output.kafka] kafka-python-ng not installed. Run: pip install kafka-python-ng
2026-06-27 00:00:23,021 ERROR [deepcytes.output.kafka] kafka-python-ng not installed. Run: pip install kafka-python-ng
2026-06-27 00:00:23,910 ERROR [deepcytes.output.kafka] kafka-python-ng not installed. Run: pip install kafka-python-ng
2026-06-27 00:00:24,359 ERROR [deepcytes.output.kafka] kafka-python-ng not installed. Run: pip install kafka-python-ng
2026-06-27 00:00:25,033 ERROR [deepcytes.output.kafka] kafka-python-ng not installed. Run: pip install kafka-python-ng
2026-06-27 00:00:25,039 ERROR [deepcytes.output.kafka] kafka-python-ng not installed. Run: pip install kafka-python-ng
2026-06-27 00:00:25,044 ERROR [deepcytes.output.kafka] kafka-python-ng not installed. Run: pip install kafka-python-ng
2026-06-27 00:00:25,048 ERROR [deepcytes.output.kafka] kafka-python-ng not installed. Run: pip install kafka-python-ng
2026-06-27 00:00:25,058 ERROR [deepcytes.output.kafka] kafka-python-ng not installed. Run: pip install kafka-python-ng
2026-06-27 00:00:25,061 ERROR [deepcytes.output.kafka] kafka-python-ng not installed. Run: pip install kafka-python-ng
2026-06-27 00:00:25,067 ERROR [deepcytes.output.kafka] kafka-python-ng not installed. Run: pip install kafka-python-ng
2026-06-27 00:00:25,091 ERROR [deepcytes.output.kafka] kafka-python-ng not installed. Run: pip install kafka-python-ng
2026-06-27 00:00:25,097 ERROR [deepcytes.output.kafka] kafka-python-ng not installed. Run: pip install kafka-python-ng
2026-06-27 00:00:25,100 ERROR [deepcytes.output.kafka] kafka-python-ng not installed. Run: pip install kafka-python-ng
2026-06-27 00:00:25,107 ERROR [deepcytes.output.kafka] kafka-python-ng not installed. Run: pip install kafka-python-ng
2026-06-27 00:00:25,111 ERROR [deepcytes.output.kafka] kafka-python-ng not installed. Run: pip install kafka-python-ng
2026-06-27 00:00:25,758 ERROR [deepcytes.output.kafka] kafka-python-ng not installed. Run: pip install kafka-python-ng
2026-06-27 00:00:27,540 WARNING [deepcytes.collectors.ad] Failed to query 'Security' with filter '*[System[((EventID >= 4624 and EventID <= 4776) or (EventID >= 5140 and EventID <= 5145) or (EventID >= 6272 and EventID <= 6273)) and TimeCreated[timediff(@SystemTime) <= 86400000]]]': (5, 'EvtQuery', 'Access is denied.')
2026-06-27 00:00:27,546 ERROR [deepcytes.collectors.ad] Fallback query for 'Security' also failed: (5, 'EvtQuery', 'Access is denied.')
2026-06-27 00:00:28,871 ERROR [deepcytes.output.kafka] kafka-python-ng not installed. Run: pip install kafka-python-ng
2026-06-27 00:00:29,080 ERROR [deepcytes.output.kafka] kafka-python-ng not installed. Run: pip install kafka-python-ng
2026-06-27 00:00:29,087 ERROR [deepcytes.output.kafka] kafka-python-ng not installed. Run: pip install kafka-python-ng
2026-06-27 00:00:30,674 ERROR [deepcytes.output.kafka] kafka-python-ng not installed. Run: pip install kafka-python-ng
2026-06-27 00:00:31,059 ERROR [deepcytes.output.kafka] kafka-python-ng not installed. Run: pip install kafka-python-ng
2026-06-27 00:00:31,064 ERROR [deepcytes.output.kafka] kafka-python-ng not installed. Run: pip install kafka-python-ng
2026-06-27 00:00:32,560 WARNING [deepcytes.collectors.ad] Failed to query 'Security' with filter '*[System[((EventID >= 4624 and EventID <= 4776) or (EventID >= 5140 and EventID <= 5145) or (EventID >= 6272 and EventID <= 6273)) and TimeCreated[timediff(@SystemTime) <= 86400000]]]': (5, 'EvtQuery', 'Access is denied.')
2026-06-27 00:00:32,571 ERROR [deepcytes.collectors.ad] Fallback query for 'Security' also failed: (5, 'EvtQuery', 'Access is denied.')
2026-06-27 00:00:33,099 ERROR [deepcytes.output.kafka] kafka-python-ng not installed. Run: pip install kafka-python-ng
2026-06-27 00:00:33,104 ERROR [deepcytes.output.kafka] kafka-python-ng not installed. Run: pip install kafka-python-ng
2026-06-27 00:00:33,113 ERROR [deepcytes.output.kafka] kafka-python-ng not installed. Run: pip install kafka-python-ng
2026-06-27 00:00:33,121 ERROR [deepcytes.output.kafka] kafka-python-ng not installed. Run: pip install kafka-python-ng
2026-06-27 00:00:33,128 ERROR [deepcytes.output.kafka] kafka-python-ng not installed. Run: pip install kafka-python-ng
2026-06-27 00:00:33,134 ERROR [deepcytes.output.kafka] kafka-python-ng not installed. Run: pip install kafka-python-ng
2026-06-27 00:00:33,142 ERROR [deepcytes.output.kafka] kafka-python-ng not installed. Run: pip install kafka-python-ng
2026-06-27 00:00:33,148 ERROR [deepcytes.output.kafka] kafka-python-ng not installed. Run: pip install kafka-python-ng
2026-06-27 00:00:33,169 ERROR [deepcytes.output.kafka] kafka-python-ng not installed. Run: pip install kafka-python-ng
2026-06-27 00:00:33,174 ERROR [deepcytes.output.kafka] kafka-python-ng not installed. Run: pip install kafka-python-ng
2026-06-27 00:00:33,492 ERROR [deepcytes.output.kafka] kafka-python-ng not installed. Run: pip install kafka-python-ng
2026-06-27 00:00:56,106 ERROR [deepcytes.output.kafka] kafka-python-ng not installed. Run: pip install kafka-python-ng
2026-06-27 00:00:56,321 WARNING [deepcytes.collectors.dns_sniffer] Scapy sniffing failed: Sniffing and sending packets is not available at layer 2: winpcap is not installed. You may use conf.L3socket or conf.L3socket6 to access layer 3
2026-06-27 00:00:57,812 ERROR [deepcytes.output.kafka] kafka-python-ng not installed. Run: pip install kafka-python-ng
2026-06-27 00:00:57,819 ERROR [deepcytes.output.kafka] kafka-python-ng not installed. Run: pip install kafka-python-ng
2026-06-27 00:00:58,413 ERROR [deepcytes.output.kafka] kafka-python-ng not installed. Run: pip install kafka-python-ng
2026-06-27 00:00:58,419 ERROR [deepcytes.output.kafka] kafka-python-ng not installed. Run: pip install kafka-python-ng
2026-06-27 00:00:58,450 ERROR [deepcytes.output.kafka] kafka-python-ng not installed. Run: pip install kafka-python-ng
2026-06-27 00:00:58,457 ERROR [deepcytes.output.kafka] kafka-python-ng not installed. Run: pip install kafka-python-ng
2026-06-27 00:00:58,463 ERROR [deepcytes.output.kafka] kafka-python-ng not installed. Run: pip install kafka-python-ng
2026-06-27 00:00:58,469 ERROR [deepcytes.output.kafka] kafka-python-ng not installed. Run: pip install kafka-python-ng
2026-06-27 00:00:58,475 ERROR [deepcytes.output.kafka] kafka-python-ng not installed. Run: pip install kafka-python-ng
2026-06-27 00:00:58,477 ERROR [deepcytes.output.kafka] kafka-python-ng not installed. Run: pip install kafka-python-ng
2026-06-27 00:01:00,461 ERROR [deepcytes.output.kafka] kafka-python-ng not installed. Run: pip install kafka-python-ng
2026-06-27 00:01:00,465 ERROR [deepcytes.output.kafka] kafka-python-ng not installed. Run: pip install kafka-python-ng
2026-06-27 00:01:02,470 ERROR [deepcytes.output.kafka] kafka-python-ng not installed. Run: pip install kafka-python-ng
2026-06-27 00:01:02,475 ERROR [deepcytes.output.kafka] kafka-python-ng not installed. Run: pip install kafka-python-ng
2026-06-27 00:01:02,481 ERROR [deepcytes.output.kafka] kafka-python-ng not installed. Run: pip install kafka-python-ng
2026-06-27 00:01:02,487 ERROR [deepcytes.output.kafka] kafka-python-ng not installed. Run: pip install kafka-python-ng
2026-06-27 00:01:04,507 ERROR [deepcytes.output.kafka] kafka-python-ng not installed. Run: pip install kafka-python-ng
2026-06-27 00:01:04,512 ERROR [deepcytes.output.kafka] kafka-python-ng not installed. Run: pip install kafka-python-ng
2026-06-27 00:01:04,522 ERROR [deepcytes.output.kafka] kafka-python-ng not installed. Run: pip install kafka-python-ng
2026-06-27 00:01:04,532 ERROR [deepcytes.output.kafka] kafka-python-ng not installed. Run: pip install kafka-python-ng
2026-06-27 00:01:04,544 ERROR [deepcytes.output.kafka] kafka-python-ng not installed. Run: pip install kafka-python-ng
2026-06-27 00:01:04,552 ERROR [deepcytes.output.kafka] kafka-python-ng not installed. Run: pip install kafka-python-ng
2026-06-27 00:01:04,563 ERROR [deepcytes.output.kafka] kafka-python-ng not installed. Run: pip install kafka-python-ng
2026-06-27 00:01:04,569 ERROR [deepcytes.output.kafka] kafka-python-ng not installed. Run: pip install kafka-python-ng
2026-06-27 00:01:04,605 ERROR [deepcytes.output.kafka] kafka-python-ng not installed. Run: pip install kafka-python-ng
2026-06-27 00:01:04,619 ERROR [deepcytes.output.kafka] kafka-python-ng not installed. Run: pip install kafka-python-ng
2026-06-27 00:01:04,632 ERROR [deepcytes.output.kafka] kafka-python-ng not installed. Run: pip install kafka-python-ng
2026-06-27 00:01:04,636 ERROR [deepcytes.output.kafka] kafka-python-ng not installed. Run: pip install kafka-python-ng
2026-06-27 00:01:06,416 ERROR [deepcytes.output.kafka] kafka-python-ng not installed. Run: pip install kafka-python-ng
2026-06-27 00:01:06,427 ERROR [deepcytes.output.kafka] kafka-python-ng not installed. Run: pip install kafka-python-ng
2026-06-27 00:01:06,436 ERROR [deepcytes.output.kafka] kafka-python-ng not installed. Run: pip install kafka-python-ng
2026-06-27 00:01:11,932 ERROR [deepcytes.output.kafka] kafka-python-ng not installed. Run: pip install kafka-python-ng
2026-06-27 00:01:13,498 ERROR [deepcytes.output.kafka] kafka-python-ng not installed. Run: pip install kafka-python-ng
2026-06-27 00:01:14,541 ERROR [deepcytes.output.kafka] kafka-python-ng not installed. Run: pip install kafka-python-ng
2026-06-27 00:01:14,548 ERROR [deepcytes.output.kafka] kafka-python-ng not installed. Run: pip install kafka-python-ng
2026-06-27 00:01:14,558 ERROR [deepcytes.output.kafka] kafka-python-ng not installed. Run: pip install kafka-python-ng
2026-06-27 00:01:14,564 ERROR [deepcytes.output.kafka] kafka-python-ng not installed. Run: pip install kafka-python-ng
2026-06-27 00:01:14,600 ERROR [deepcytes.output.kafka] kafka-python-ng not installed. Run: pip install kafka-python-ng
2026-06-27 00:01:14,621 ERROR [deepcytes.output.kafka] kafka-python-ng not installed. Run: pip install kafka-python-ng
2026-06-27 00:01:14,635 ERROR [deepcytes.output.kafka] kafka-python-ng not installed. Run: pip install kafka-python-ng
2026-06-27 00:01:14,641 ERROR [deepcytes.output.kafka] kafka-python-ng not installed. Run: pip install kafka-python-ng
2026-06-27 00:01:14,697 ERROR [deepcytes.output.kafka] kafka-python-ng not installed. Run: pip install kafka-python-ng
2026-06-27 00:01:14,710 ERROR [deepcytes.output.kafka] kafka-python-ng not installed. Run: pip install kafka-python-ng
2026-06-27 00:01:14,716 ERROR [deepcytes.output.kafka] kafka-python-ng not installed. Run: pip install kafka-python-ng
2026-06-27 00:01:14,723 ERROR [deepcytes.output.kafka] kafka-python-ng not installed. Run: pip install kafka-python-ng
2026-06-27 00:01:14,949 ERROR [deepcytes.output.kafka] kafka-python-ng not installed. Run: pip install kafka-python-ng
2026-06-27 00:01:16,479 ERROR [deepcytes.output.kafka] kafka-python-ng not installed. Run: pip install kafka-python-ng
2026-06-27 00:01:16,485 ERROR [deepcytes.output.kafka] kafka-python-ng not installed. Run: pip install kafka-python-ng
2026-06-27 00:01:16,492 ERROR [deepcytes.output.kafka] kafka-python-ng not installed. Run: pip install kafka-python-ng
2026-06-27 00:01:16,497 ERROR [deepcytes.output.kafka] kafka-python-ng not installed. Run: pip install kafka-python-ng
2026-06-27 00:01:16,506 ERROR [deepcytes.output.kafka] kafka-python-ng not installed. Run: pip install kafka-python-ng
2026-06-27 00:01:18,141 ERROR [deepcytes.output.kafka] kafka-python-ng not installed. Run: pip install kafka-python-ng
2026-06-27 00:01:20,733 ERROR [deepcytes.output.kafka] kafka-python-ng not installed. Run: pip install kafka-python-ng
2026-06-27 00:01:20,739 ERROR [deepcytes.output.kafka] kafka-python-ng not installed. Run: pip install kafka-python-ng
2026-06-27 00:01:24,048 ERROR [deepcytes.output.kafka] kafka-python-ng not installed. Run: pip install kafka-python-ng
2026-06-27 00:01:24,378 ERROR [deepcytes.output.kafka] kafka-python-ng not installed. Run: pip install kafka-python-ng
2026-06-27 00:01:24,385 ERROR [deepcytes.output.kafka] kafka-python-ng not installed. Run: pip install kafka-python-ng
2026-06-27 00:01:24,397 ERROR [deepcytes.output.kafka] kafka-python-ng not installed. Run: pip install kafka-python-ng
2026-06-27 00:01:24,761 ERROR [deepcytes.output.kafka] kafka-python-ng not installed. Run: pip install kafka-python-ng
2026-06-27 00:01:24,765 ERROR [deepcytes.output.kafka] kafka-python-ng not installed. Run: pip install kafka-python-ng
2026-06-27 00:01:24,772 ERROR [deepcytes.output.kafka] kafka-python-ng not installed. Run: pip install kafka-python-ng
2026-06-27 00:01:24,777 ERROR [deepcytes.output.kafka] kafka-python-ng not installed. Run: pip install kafka-python-ng
2026-06-27 00:01:24,782 ERROR [deepcytes.output.kafka] kafka-python-ng not installed. Run: pip install kafka-python-ng
2026-06-27 00:01:24,786 ERROR [deepcytes.output.kafka] kafka-python-ng not installed. Run: pip install kafka-python-ng
2026-06-27 00:01:24,792 ERROR [deepcytes.output.kafka] kafka-python-ng not installed. Run: pip install kafka-python-ng
2026-06-27 00:01:24,796 ERROR [deepcytes.output.kafka] kafka-python-ng not installed. Run: pip install kafka-python-ng
2026-06-27 00:01:24,812 ERROR [deepcytes.output.kafka] kafka-python-ng not installed. Run: pip install kafka-python-ng
2026-06-27 00:01:24,815 ERROR [deepcytes.output.kafka] kafka-python-ng not installed. Run: pip install kafka-python-ng
2026-06-27 00:01:26,586 ERROR [deepcytes.output.kafka] kafka-python-ng not installed. Run: pip install kafka-python-ng
2026-06-27 00:01:26,597 ERROR [deepcytes.output.kafka] kafka-python-ng not installed. Run: pip install kafka-python-ng
2026-06-27 00:01:26,606 ERROR [deepcytes.output.kafka] kafka-python-ng not installed. Run: pip install kafka-python-ng
2026-06-27 00:01:26,613 ERROR [deepcytes.output.kafka] kafka-python-ng not installed. Run: pip install kafka-python-ng
2026-06-27 00:01:26,802 ERROR [deepcytes.output.kafka] kafka-python-ng not installed. Run: pip install kafka-python-ng
2026-06-27 00:01:26,805 ERROR [deepcytes.output.kafka] kafka-python-ng not installed. Run: pip install kafka-python-ng
2026-06-27 00:01:28,806 ERROR [deepcytes.output.kafka] kafka-python-ng not installed. Run: pip install kafka-python-ng
2026-06-27 00:01:28,816 ERROR [deepcytes.output.kafka] kafka-python-ng not installed. Run: pip install kafka-python-ng
2026-06-27 00:01:29,325 ERROR [deepcytes.output.kafka] kafka-python-ng not installed. Run: pip install kafka-python-ng
2026-06-27 00:01:30,601 ERROR [deepcytes.output.kafka] kafka-python-ng not installed. Run: pip install kafka-python-ng
2026-06-27 00:01:30,809 ERROR [deepcytes.output.kafka] kafka-python-ng not installed. Run: pip install kafka-python-ng
2026-06-27 00:01:30,815 ERROR [deepcytes.output.kafka] kafka-python-ng not installed. Run: pip install kafka-python-ng
2026-06-27 00:01:33,081 ERROR [deepcytes.output.kafka] kafka-python-ng not installed. Run: pip install kafka-python-ng
2026-06-27 00:01:34,833 ERROR [deepcytes.output.kafka] kafka-python-ng not installed. Run: pip install kafka-python-ng
2026-06-27 00:01:34,842 ERROR [deepcytes.output.kafka] kafka-python-ng not installed. Run: pip install kafka-python-ng
2026-06-27 00:01:34,851 ERROR [deepcytes.output.kafka] kafka-python-ng not installed. Run: pip install kafka-python-ng
2026-06-27 00:01:34,856 ERROR [deepcytes.output.kafka] kafka-python-ng not installed. Run: pip install kafka-python-ng
2026-06-27 00:01:34,865 ERROR [deepcytes.output.kafka] kafka-python-ng not installed. Run: pip install kafka-python-ng
2026-06-27 00:01:34,870 ERROR [deepcytes.output.kafka] kafka-python-ng not installed. Run: pip install kafka-python-ng
2026-06-27 00:01:34,876 ERROR [deepcytes.output.kafka] kafka-python-ng not installed. Run: pip install kafka-python-ng
2026-06-27 00:01:34,880 ERROR [deepcytes.output.kafka] kafka-python-ng not installed. Run: pip install kafka-python-ng
2026-06-27 00:01:34,895 ERROR [deepcytes.output.kafka] kafka-python-ng not installed. Run: pip install kafka-python-ng
2026-06-27 00:01:34,899 ERROR [deepcytes.output.kafka] kafka-python-ng not installed. Run: pip install kafka-python-ng
2026-06-27 00:10:20,988 ERROR [deepcytes.output.kafka] kafka-python-ng not installed. Run: pip install kafka-python-ng
2026-06-27 00:10:21,252 WARNING [deepcytes.collectors.dns_sniffer] Scapy sniffing failed: Sniffing and sending packets is not available at layer 2: winpcap is not installed. You may use conf.L3socket or conf.L3socket6 to access layer 3
2026-06-27 00:10:22,915 ERROR [deepcytes.output.kafka] kafka-python-ng not installed. Run: pip install kafka-python-ng
2026-06-27 00:10:22,923 ERROR [deepcytes.output.kafka] kafka-python-ng not installed. Run: pip install kafka-python-ng
2026-06-27 00:10:23,565 ERROR [deepcytes.output.kafka] kafka-python-ng not installed. Run: pip install kafka-python-ng
2026-06-27 00:10:23,571 ERROR [deepcytes.output.kafka] kafka-python-ng not installed. Run: pip install kafka-python-ng
2026-06-27 00:10:23,578 ERROR [deepcytes.output.kafka] kafka-python-ng not installed. Run: pip install kafka-python-ng
2026-06-27 00:10:23,589 ERROR [deepcytes.output.kafka] kafka-python-ng not installed. Run: pip install kafka-python-ng
2026-06-27 00:10:23,595 ERROR [deepcytes.output.kafka] kafka-python-ng not installed. Run: pip install kafka-python-ng
2026-06-27 00:10:23,600 ERROR [deepcytes.output.kafka] kafka-python-ng not installed. Run: pip install kafka-python-ng
2026-06-27 00:10:23,638 ERROR [deepcytes.output.kafka] kafka-python-ng not installed. Run: pip install kafka-python-ng
2026-06-27 00:10:23,646 ERROR [deepcytes.output.kafka] kafka-python-ng not installed. Run: pip install kafka-python-ng
2026-06-27 00:10:23,668 ERROR [deepcytes.output.kafka] kafka-python-ng not installed. Run: pip install kafka-python-ng
2026-06-27 00:10:23,676 ERROR [deepcytes.output.kafka] kafka-python-ng not installed. Run: pip install kafka-python-ng
2026-06-27 00:10:23,692 ERROR [deepcytes.output.kafka] kafka-python-ng not installed. Run: pip install kafka-python-ng
2026-06-27 00:10:23,697 ERROR [deepcytes.output.kafka] kafka-python-ng not installed. Run: pip install kafka-python-ng
2026-06-27 00:10:23,712 ERROR [deepcytes.output.kafka] kafka-python-ng not installed. Run: pip install kafka-python-ng
2026-06-27 00:10:23,724 ERROR [deepcytes.output.kafka] kafka-python-ng not installed. Run: pip install kafka-python-ng
2026-06-27 00:10:23,747 ERROR [deepcytes.output.kafka] kafka-python-ng not installed. Run: pip install kafka-python-ng
2026-06-27 00:10:23,752 ERROR [deepcytes.output.kafka] kafka-python-ng not installed. Run: pip install kafka-python-ng
2026-06-27 00:10:23,765 ERROR [deepcytes.output.kafka] kafka-python-ng not installed. Run: pip install kafka-python-ng
2026-06-27 00:10:23,769 ERROR [deepcytes.output.kafka] kafka-python-ng not installed. Run: pip install kafka-python-ng
2026-06-27 00:10:23,774 ERROR [deepcytes.output.kafka] kafka-python-ng not installed. Run: pip install kafka-python-ng
2026-06-27 00:10:23,779 ERROR [deepcytes.output.kafka] kafka-python-ng not installed. Run: pip install kafka-python-ng
2026-06-27 00:10:23,785 ERROR [deepcytes.output.kafka] kafka-python-ng not installed. Run: pip install kafka-python-ng
2026-06-27 00:10:23,789 ERROR [deepcytes.output.kafka] kafka-python-ng not installed. Run: pip install kafka-python-ng
2026-06-27 00:10:23,795 ERROR [deepcytes.output.kafka] kafka-python-ng not installed. Run: pip install kafka-python-ng
2026-06-27 00:10:23,800 ERROR [deepcytes.output.kafka] kafka-python-ng not installed. Run: pip install kafka-python-ng
2026-06-27 00:10:23,815 ERROR [deepcytes.output.kafka] kafka-python-ng not installed. Run: pip install kafka-python-ng
2026-06-27 00:10:23,819 ERROR [deepcytes.output.kafka] kafka-python-ng not installed. Run: pip install kafka-python-ng
2026-06-27 00:10:23,824 ERROR [deepcytes.output.kafka] kafka-python-ng not installed. Run: pip install kafka-python-ng
2026-06-27 00:10:23,828 ERROR [deepcytes.output.kafka] kafka-python-ng not installed. Run: pip install kafka-python-ng
2026-06-27 00:10:23,834 ERROR [deepcytes.output.kafka] kafka-python-ng not installed. Run: pip install kafka-python-ng
2026-06-27 00:10:23,845 ERROR [deepcytes.output.kafka] kafka-python-ng not installed. Run: pip install kafka-python-ng
2026-06-27 00:10:25,756 ERROR [deepcytes.output.kafka] kafka-python-ng not installed. Run: pip install kafka-python-ng
2026-06-27 00:10:25,762 ERROR [deepcytes.output.kafka] kafka-python-ng not installed. Run: pip install kafka-python-ng
2026-06-27 00:10:25,774 ERROR [deepcytes.output.kafka] kafka-python-ng not installed. Run: pip install kafka-python-ng
2026-06-27 00:10:25,779 ERROR [deepcytes.output.kafka] kafka-python-ng not installed. Run: pip install kafka-python-ng
2026-06-27 00:10:25,784 ERROR [deepcytes.output.kafka] kafka-python-ng not installed. Run: pip install kafka-python-ng
2026-06-27 00:10:25,788 ERROR [deepcytes.output.kafka] kafka-python-ng not installed. Run: pip install kafka-python-ng
2026-06-27 00:10:25,891 ERROR [deepcytes.output.kafka] kafka-python-ng not installed. Run: pip install kafka-python-ng
2026-06-27 00:10:25,895 ERROR [deepcytes.output.kafka] kafka-python-ng not installed. Run: pip install kafka-python-ng
2026-06-27 00:10:25,934 ERROR [deepcytes.output.kafka] kafka-python-ng not installed. Run: pip install kafka-python-ng
2026-06-27 00:10:25,939 ERROR [deepcytes.output.kafka] kafka-python-ng not installed. Run: pip install kafka-python-ng
2026-06-27 00:10:25,945 ERROR [deepcytes.output.kafka] kafka-python-ng not installed. Run: pip install kafka-python-ng
2026-06-27 00:10:25,949 ERROR [deepcytes.output.kafka] kafka-python-ng not installed. Run: pip install kafka-python-ng
2026-06-27 00:10:25,955 ERROR [deepcytes.output.kafka] kafka-python-ng not installed. Run: pip install kafka-python-ng
2026-06-27 00:10:25,967 ERROR [deepcytes.output.kafka] kafka-python-ng not installed. Run: pip install kafka-python-ng
2026-06-27 00:10:25,982 ERROR [deepcytes.output.kafka] kafka-python-ng not installed. Run: pip install kafka-python-ng
2026-06-27 00:10:25,988 ERROR [deepcytes.output.kafka] kafka-python-ng not installed. Run: pip install kafka-python-ng
2026-06-27 00:10:25,996 ERROR [deepcytes.output.kafka] kafka-python-ng not installed. Run: pip install kafka-python-ng
2026-06-27 00:10:26,000 ERROR [deepcytes.output.kafka] kafka-python-ng not installed. Run: pip install kafka-python-ng
2026-06-27 00:10:26,006 ERROR [deepcytes.output.kafka] kafka-python-ng not installed. Run: pip install kafka-python-ng
2026-06-27 00:10:26,011 ERROR [deepcytes.output.kafka] kafka-python-ng not installed. Run: pip install kafka-python-ng
2026-06-27 00:10:28,739 ERROR [deepcytes.output.kafka] kafka-python-ng not installed. Run: pip install kafka-python-ng
2026-06-27 00:10:28,745 ERROR [deepcytes.output.kafka] kafka-python-ng not installed. Run: pip install kafka-python-ng
2026-06-27 00:10:30,761 ERROR [deepcytes.output.kafka] kafka-python-ng not installed. Run: pip install kafka-python-ng
2026-06-27 00:10:30,777 ERROR [deepcytes.output.kafka] kafka-python-ng not installed. Run: pip install kafka-python-ng
2026-06-27 00:10:31,023 ERROR [deepcytes.output.kafka] kafka-python-ng not installed. Run: pip install kafka-python-ng
2026-06-27 00:10:31,042 ERROR [deepcytes.output.kafka] kafka-python-ng not installed. Run: pip install kafka-python-ng
2026-06-27 00:10:31,062 ERROR [deepcytes.output.kafka] kafka-python-ng not installed. Run: pip install kafka-python-ng
2026-06-27 00:10:31,072 ERROR [deepcytes.output.kafka] kafka-python-ng not installed. Run: pip install kafka-python-ng
2026-06-27 00:10:31,285 ERROR [deepcytes.output.kafka] kafka-python-ng not installed. Run: pip install kafka-python-ng
2026-06-27 00:10:31,293 ERROR [deepcytes.output.kafka] kafka-python-ng not installed. Run: pip install kafka-python-ng
2026-06-27 00:10:31,313 ERROR [deepcytes.output.kafka] kafka-python-ng not installed. Run: pip install kafka-python-ng
2026-06-27 00:10:31,321 ERROR [deepcytes.output.kafka] kafka-python-ng not installed. Run: pip install kafka-python-ng
2026-06-27 00:10:31,398 ERROR [deepcytes.output.kafka] kafka-python-ng not installed. Run: pip install kafka-python-ng
2026-06-27 00:10:31,405 ERROR [deepcytes.output.kafka] kafka-python-ng not installed. Run: pip install kafka-python-ng
2026-06-27 00:10:31,416 ERROR [deepcytes.output.kafka] kafka-python-ng not installed. Run: pip install kafka-python-ng
2026-06-27 00:10:31,523 ERROR [deepcytes.output.kafka] kafka-python-ng not installed. Run: pip install kafka-python-ng
2026-06-27 00:10:31,528 ERROR [deepcytes.output.kafka] kafka-python-ng not installed. Run: pip install kafka-python-ng
2026-06-27 00:10:31,570 ERROR [deepcytes.output.kafka] kafka-python-ng not installed. Run: pip install kafka-python-ng
2026-06-27 00:10:31,578 ERROR [deepcytes.output.kafka] kafka-python-ng not installed. Run: pip install kafka-python-ng
2026-06-27 00:10:31,676 ERROR [deepcytes.output.kafka] kafka-python-ng not installed. Run: pip install kafka-python-ng
2026-06-27 00:10:31,682 ERROR [deepcytes.output.kafka] kafka-python-ng not installed. Run: pip install kafka-python-ng
2026-06-27 00:10:31,731 ERROR [deepcytes.output.kafka] kafka-python-ng not installed. Run: pip install kafka-python-ng
2026-06-27 00:10:31,736 ERROR [deepcytes.output.kafka] kafka-python-ng not installed. Run: pip install kafka-python-ng
2026-06-27 00:10:31,762 ERROR [deepcytes.output.kafka] kafka-python-ng not installed. Run: pip install kafka-python-ng
2026-06-27 00:10:31,766 ERROR [deepcytes.output.kafka] kafka-python-ng not installed. Run: pip install kafka-python-ng
2026-06-27 00:10:33,749 ERROR [deepcytes.output.kafka] kafka-python-ng not installed. Run: pip install kafka-python-ng
2026-06-27 00:10:33,753 ERROR [deepcytes.output.kafka] kafka-python-ng not installed. Run: pip install kafka-python-ng
2026-06-27 00:10:33,821 ERROR [deepcytes.output.kafka] kafka-python-ng not installed. Run: pip install kafka-python-ng
2026-06-27 00:10:33,825 ERROR [deepcytes.output.kafka] kafka-python-ng not installed. Run: pip install kafka-python-ng
2026-06-27 00:10:33,847 ERROR [deepcytes.output.kafka] kafka-python-ng not installed. Run: pip install kafka-python-ng
2026-06-27 00:10:33,850 ERROR [deepcytes.output.kafka] kafka-python-ng not installed. Run: pip install kafka-python-ng
2026-06-27 00:10:33,935 ERROR [deepcytes.output.kafka] kafka-python-ng not installed. Run: pip install kafka-python-ng
2026-06-27 00:10:33,938 ERROR [deepcytes.output.kafka] kafka-python-ng not installed. Run: pip install kafka-python-ng
2026-06-27 00:10:33,963 ERROR [deepcytes.output.kafka] kafka-python-ng not installed. Run: pip install kafka-python-ng
2026-06-27 00:10:33,969 ERROR [deepcytes.output.kafka] kafka-python-ng not installed. Run: pip install kafka-python-ng
2026-06-27 00:10:33,990 ERROR [deepcytes.output.kafka] kafka-python-ng not installed. Run: pip install kafka-python-ng
2026-06-27 00:10:33,994 ERROR [deepcytes.output.kafka] kafka-python-ng not installed. Run: pip install kafka-python-ng
2026-06-27 00:10:36,014 ERROR [deepcytes.output.kafka] kafka-python-ng not installed. Run: pip install kafka-python-ng
2026-06-27 00:10:36,018 ERROR [deepcytes.output.kafka] kafka-python-ng not installed. Run: pip install kafka-python-ng
2026-06-27 00:10:36,028 ERROR [deepcytes.output.kafka] kafka-python-ng not installed. Run: pip install kafka-python-ng
2026-06-27 00:10:36,031 ERROR [deepcytes.output.kafka] kafka-python-ng not installed. Run: pip install kafka-python-ng
2026-06-27 00:10:36,041 ERROR [deepcytes.output.kafka] kafka-python-ng not installed. Run: pip install kafka-python-ng
2026-06-27 00:10:36,044 ERROR [deepcytes.output.kafka] kafka-python-ng not installed. Run: pip install kafka-python-ng
2026-06-27 00:10:36,050 ERROR [deepcytes.output.kafka] kafka-python-ng not installed. Run: pip install kafka-python-ng
2026-06-27 00:10:36,053 ERROR [deepcytes.output.kafka] kafka-python-ng not installed. Run: pip install kafka-python-ng
2026-06-27 00:10:36,140 ERROR [deepcytes.output.kafka] kafka-python-ng not installed. Run: pip install kafka-python-ng
2026-06-27 00:10:36,144 ERROR [deepcytes.output.kafka] kafka-python-ng not installed. Run: pip install kafka-python-ng
2026-06-27 00:10:36,151 ERROR [deepcytes.output.kafka] kafka-python-ng not installed. Run: pip install kafka-python-ng
2026-06-27 00:10:36,155 ERROR [deepcytes.output.kafka] kafka-python-ng not installed. Run: pip install kafka-python-ng
2026-06-27 00:10:36,160 ERROR [deepcytes.output.kafka] kafka-python-ng not installed. Run: pip install kafka-python-ng
2026-06-27 00:10:36,166 ERROR [deepcytes.output.kafka] kafka-python-ng not installed. Run: pip install kafka-python-ng
2026-06-27 00:10:36,171 ERROR [deepcytes.output.kafka] kafka-python-ng not installed. Run: pip install kafka-python-ng
2026-06-27 00:10:36,178 ERROR [deepcytes.output.kafka] kafka-python-ng not installed. Run: pip install kafka-python-ng
2026-06-27 00:10:36,185 ERROR [deepcytes.output.kafka] kafka-python-ng not installed. Run: pip install kafka-python-ng
2026-06-27 00:10:36,191 ERROR [deepcytes.output.kafka] kafka-python-ng not installed. Run: pip install kafka-python-ng
2026-06-27 00:10:36,198 ERROR [deepcytes.output.kafka] kafka-python-ng not installed. Run: pip install kafka-python-ng
2026-06-27 00:10:36,206 ERROR [deepcytes.output.kafka] kafka-python-ng not installed. Run: pip install kafka-python-ng
2026-06-27 00:10:36,213 ERROR [deepcytes.output.kafka] kafka-python-ng not installed. Run: pip install kafka-python-ng
2026-06-27 00:10:36,216 ERROR [deepcytes.output.kafka] kafka-python-ng not installed. Run: pip install kafka-python-ng
2026-06-27 00:10:36,222 ERROR [deepcytes.output.kafka] kafka-python-ng not installed. Run: pip install kafka-python-ng
2026-06-27 00:10:36,227 ERROR [deepcytes.output.kafka] kafka-python-ng not installed. Run: pip install kafka-python-ng
2026-06-27 00:10:36,360 ERROR [deepcytes.output.kafka] kafka-python-ng not installed. Run: pip install kafka-python-ng
2026-06-27 00:10:36,391 ERROR [deepcytes.output.kafka] kafka-python-ng not installed. Run: pip install kafka-python-ng
2026-06-27 00:10:36,434 ERROR [deepcytes.output.kafka] kafka-python-ng not installed. Run: pip install kafka-python-ng
2026-06-27 00:10:36,438 ERROR [deepcytes.output.kafka] kafka-python-ng not installed. Run: pip install kafka-python-ng
2026-06-27 00:10:36,447 ERROR [deepcytes.output.kafka] kafka-python-ng not installed. Run: pip install kafka-python-ng
2026-06-27 00:10:36,450 ERROR [deepcytes.output.kafka] kafka-python-ng not installed. Run: pip install kafka-python-ng
2026-06-27 00:10:36,458 ERROR [deepcytes.output.kafka] kafka-python-ng not installed. Run: pip install kafka-python-ng
2026-06-27 00:10:36,462 ERROR [deepcytes.output.kafka] kafka-python-ng not installed. Run: pip install kafka-python-ng
2026-06-27 00:10:36,468 ERROR [deepcytes.output.kafka] kafka-python-ng not installed. Run: pip install kafka-python-ng
2026-06-27 00:10:36,472 ERROR [deepcytes.output.kafka] kafka-python-ng not installed. Run: pip install kafka-python-ng
2026-06-27 00:10:36,481 ERROR [deepcytes.output.kafka] kafka-python-ng not installed. Run: pip install kafka-python-ng
2026-06-27 00:10:36,486 ERROR [deepcytes.output.kafka] kafka-python-ng not installed. Run: pip install kafka-python-ng
2026-06-27 00:10:36,494 ERROR [deepcytes.output.kafka] kafka-python-ng not installed. Run: pip install kafka-python-ng
2026-06-27 00:10:36,498 ERROR [deepcytes.output.kafka] kafka-python-ng not installed. Run: pip install kafka-python-ng
2026-06-27 00:10:36,502 ERROR [deepcytes.output.kafka] kafka-python-ng not installed. Run: pip install kafka-python-ng
2026-06-27 00:10:36,507 ERROR [deepcytes.output.kafka] kafka-python-ng not installed. Run: pip install kafka-python-ng
2026-06-27 00:10:37,004 ERROR [deepcytes.output.kafka] kafka-python-ng not installed. Run: pip install kafka-python-ng
2026-06-27 00:10:37,695 ERROR [deepcytes.output.kafka] kafka-python-ng not installed. Run: pip install kafka-python-ng
2026-06-27 00:10:38,383 ERROR [deepcytes.output.kafka] kafka-python-ng not installed. Run: pip install kafka-python-ng
2026-06-27 00:10:38,399 ERROR [deepcytes.output.kafka] kafka-python-ng not installed. Run: pip install kafka-python-ng
2026-06-27 00:10:38,428 ERROR [deepcytes.output.kafka] kafka-python-ng not installed. Run: pip install kafka-python-ng
2026-06-27 00:10:38,443 ERROR [deepcytes.output.kafka] kafka-python-ng not installed. Run: pip install kafka-python-ng
2026-06-27 00:10:38,455 ERROR [deepcytes.output.kafka] kafka-python-ng not installed. Run: pip install kafka-python-ng
2026-06-27 00:10:38,459 ERROR [deepcytes.output.kafka] kafka-python-ng not installed. Run: pip install kafka-python-ng
2026-06-27 00:10:38,471 ERROR [deepcytes.output.kafka] kafka-python-ng not installed. Run: pip install kafka-python-ng
2026-06-27 00:10:38,474 ERROR [deepcytes.output.kafka] kafka-python-ng not installed. Run: pip install kafka-python-ng
2026-06-27 00:10:38,492 ERROR [deepcytes.output.kafka] kafka-python-ng not installed. Run: pip install kafka-python-ng
2026-06-27 00:10:38,501 ERROR [deepcytes.output.kafka] kafka-python-ng not installed. Run: pip install kafka-python-ng
2026-06-27 00:10:38,515 ERROR [deepcytes.output.kafka] kafka-python-ng not installed. Run: pip install kafka-python-ng
2026-06-27 00:10:38,521 ERROR [deepcytes.output.kafka] kafka-python-ng not installed. Run: pip install kafka-python-ng
2026-06-27 00:10:38,552 ERROR [deepcytes.output.kafka] kafka-python-ng not installed. Run: pip install kafka-python-ng
2026-06-27 00:10:38,564 ERROR [deepcytes.output.kafka] kafka-python-ng not installed. Run: pip install kafka-python-ng
2026-06-27 00:10:38,618 ERROR [deepcytes.output.kafka] kafka-python-ng not installed. Run: pip install kafka-python-ng
2026-06-27 00:10:38,623 ERROR [deepcytes.output.kafka] kafka-python-ng not installed. Run: pip install kafka-python-ng
2026-06-27 00:10:38,655 ERROR [deepcytes.output.kafka] kafka-python-ng not installed. Run: pip install kafka-python-ng
2026-06-27 00:10:38,661 ERROR [deepcytes.output.kafka] kafka-python-ng not installed. Run: pip install kafka-python-ng
2026-06-27 00:10:38,670 ERROR [deepcytes.output.kafka] kafka-python-ng not installed. Run: pip install kafka-python-ng
2026-06-27 00:10:38,676 ERROR [deepcytes.output.kafka] kafka-python-ng not installed. Run: pip install kafka-python-ng
2026-06-27 00:10:38,683 ERROR [deepcytes.output.kafka] kafka-python-ng not installed. Run: pip install kafka-python-ng
2026-06-27 00:10:38,688 ERROR [deepcytes.output.kafka] kafka-python-ng not installed. Run: pip install kafka-python-ng
2026-06-27 00:10:38,698 ERROR [deepcytes.output.kafka] kafka-python-ng not installed. Run: pip install kafka-python-ng
2026-06-27 00:10:38,704 ERROR [deepcytes.output.kafka] kafka-python-ng not installed. Run: pip install kafka-python-ng
2026-06-27 00:10:38,713 ERROR [deepcytes.output.kafka] kafka-python-ng not installed. Run: pip install kafka-python-ng
2026-06-27 00:10:38,719 ERROR [deepcytes.output.kafka] kafka-python-ng not installed. Run: pip install kafka-python-ng
2026-06-27 00:10:39,422 ERROR [deepcytes.output.kafka] kafka-python-ng not installed. Run: pip install kafka-python-ng
2026-06-27 00:10:39,431 ERROR [deepcytes.output.kafka] kafka-python-ng not installed. Run: pip install kafka-python-ng
2026-06-27 00:10:40,515 ERROR [deepcytes.output.kafka] kafka-python-ng not installed. Run: pip install kafka-python-ng
2026-06-27 00:10:40,521 ERROR [deepcytes.output.kafka] kafka-python-ng not installed. Run: pip install kafka-python-ng
2026-06-27 00:10:40,689 ERROR [deepcytes.output.kafka] kafka-python-ng not installed. Run: pip install kafka-python-ng
2026-06-27 00:10:41,443 ERROR [deepcytes.output.kafka] kafka-python-ng not installed. Run: pip install kafka-python-ng
2026-06-27 00:10:41,449 ERROR [deepcytes.output.kafka] kafka-python-ng not installed. Run: pip install kafka-python-ng
2026-06-27 00:10:41,456 ERROR [deepcytes.output.kafka] kafka-python-ng not installed. Run: pip install kafka-python-ng
2026-06-27 00:10:42,041 ERROR [deepcytes.output.kafka] kafka-python-ng not installed. Run: pip install kafka-python-ng
2026-06-27 00:10:42,051 ERROR [deepcytes.output.kafka] kafka-python-ng not installed. Run: pip install kafka-python-ng
2026-06-27 00:10:42,063 ERROR [deepcytes.output.kafka] kafka-python-ng not installed. Run: pip install kafka-python-ng
2026-06-27 00:10:42,073 ERROR [deepcytes.output.kafka] kafka-python-ng not installed. Run: pip install kafka-python-ng
2026-06-27 00:10:42,537 ERROR [deepcytes.output.kafka] kafka-python-ng not installed. Run: pip install kafka-python-ng
2026-06-27 00:10:42,541 ERROR [deepcytes.output.kafka] kafka-python-ng not installed. Run: pip install kafka-python-ng
2026-06-27 00:10:42,549 ERROR [deepcytes.output.kafka] kafka-python-ng not installed. Run: pip install kafka-python-ng
2026-06-27 00:10:42,557 ERROR [deepcytes.output.kafka] kafka-python-ng not installed. Run: pip install kafka-python-ng
2026-06-27 00:10:43,801 ERROR [deepcytes.output.kafka] kafka-python-ng not installed. Run: pip install kafka-python-ng
2026-06-27 00:10:44,538 ERROR [deepcytes.output.kafka] kafka-python-ng not installed. Run: pip install kafka-python-ng
2026-06-27 00:10:44,544 ERROR [deepcytes.output.kafka] kafka-python-ng not installed. Run: pip install kafka-python-ng
2026-06-27 00:10:44,579 ERROR [deepcytes.output.kafka] kafka-python-ng not installed. Run: pip install kafka-python-ng
2026-06-27 00:10:44,588 ERROR [deepcytes.output.kafka] kafka-python-ng not installed. Run: pip install kafka-python-ng
2026-06-27 00:10:44,964 ERROR [deepcytes.output.kafka] kafka-python-ng not installed. Run: pip install kafka-python-ng
2026-06-27 00:10:44,985 ERROR [deepcytes.output.kafka] kafka-python-ng not installed. Run: pip install kafka-python-ng
2026-06-27 00:10:45,000 ERROR [deepcytes.output.kafka] kafka-python-ng not installed. Run: pip install kafka-python-ng
2026-06-27 00:10:45,008 ERROR [deepcytes.output.kafka] kafka-python-ng not installed. Run: pip install kafka-python-ng
2026-06-27 00:10:45,015 ERROR [deepcytes.output.kafka] kafka-python-ng not installed. Run: pip install kafka-python-ng
2026-06-27 00:10:45,022 ERROR [deepcytes.output.kafka] kafka-python-ng not installed. Run: pip install kafka-python-ng
2026-06-27 00:10:45,028 ERROR [deepcytes.output.kafka] kafka-python-ng not installed. Run: pip install kafka-python-ng
2026-06-27 00:10:45,032 ERROR [deepcytes.output.kafka] kafka-python-ng not installed. Run: pip install kafka-python-ng
2026-06-27 00:10:45,041 ERROR [deepcytes.output.kafka] kafka-python-ng not installed. Run: pip install kafka-python-ng
2026-06-27 00:10:45,046 ERROR [deepcytes.output.kafka] kafka-python-ng not installed. Run: pip install kafka-python-ng
2026-06-27 00:10:45,053 ERROR [deepcytes.output.kafka] kafka-python-ng not installed. Run: pip install kafka-python-ng
2026-06-27 00:10:45,061 ERROR [deepcytes.output.kafka] kafka-python-ng not installed. Run: pip install kafka-python-ng
2026-06-27 00:10:45,068 ERROR [deepcytes.output.kafka] kafka-python-ng not installed. Run: pip install kafka-python-ng
2026-06-27 00:10:45,076 ERROR [deepcytes.output.kafka] kafka-python-ng not installed. Run: pip install kafka-python-ng
2026-06-27 00:10:45,086 ERROR [deepcytes.output.kafka] kafka-python-ng not installed. Run: pip install kafka-python-ng
2026-06-27 00:10:45,092 ERROR [deepcytes.output.kafka] kafka-python-ng not installed. Run: pip install kafka-python-ng
2026-06-27 00:10:46,708 ERROR [deepcytes.output.kafka] kafka-python-ng not installed. Run: pip install kafka-python-ng
2026-06-27 00:10:46,718 ERROR [deepcytes.output.kafka] kafka-python-ng not installed. Run: pip install kafka-python-ng
2026-06-27 00:10:46,775 ERROR [deepcytes.output.kafka] kafka-python-ng not installed. Run: pip install kafka-python-ng
2026-06-27 00:10:46,784 ERROR [deepcytes.output.kafka] kafka-python-ng not installed. Run: pip install kafka-python-ng
2026-06-27 00:10:46,794 ERROR [deepcytes.output.kafka] kafka-python-ng not installed. Run: pip install kafka-python-ng
2026-06-27 00:10:46,812 ERROR [deepcytes.output.kafka] kafka-python-ng not installed. Run: pip install kafka-python-ng
2026-06-27 00:10:46,845 ERROR [deepcytes.output.kafka] kafka-python-ng not installed. Run: pip install kafka-python-ng
2026-06-27 00:10:46,862 ERROR [deepcytes.output.kafka] kafka-python-ng not installed. Run: pip install kafka-python-ng
2026-06-27 00:10:47,007 ERROR [deepcytes.output.kafka] kafka-python-ng not installed. Run: pip install kafka-python-ng
2026-06-27 00:10:47,024 ERROR [deepcytes.output.kafka] kafka-python-ng not installed. Run: pip install kafka-python-ng
2026-06-27 00:10:47,032 ERROR [deepcytes.output.kafka] kafka-python-ng not installed. Run: pip install kafka-python-ng
2026-06-27 00:10:47,041 ERROR [deepcytes.output.kafka] kafka-python-ng not installed. Run: pip install kafka-python-ng
2026-06-27 00:10:47,052 ERROR [deepcytes.output.kafka] kafka-python-ng not installed. Run: pip install kafka-python-ng
2026-06-27 00:10:47,058 ERROR [deepcytes.output.kafka] kafka-python-ng not installed. Run: pip install kafka-python-ng
2026-06-27 00:10:47,065 ERROR [deepcytes.output.kafka] kafka-python-ng not installed. Run: pip install kafka-python-ng
2026-06-27 00:10:47,072 ERROR [deepcytes.output.kafka] kafka-python-ng not installed. Run: pip install kafka-python-ng
2026-06-27 00:10:47,084 ERROR [deepcytes.output.kafka] kafka-python-ng not installed. Run: pip install kafka-python-ng
2026-06-27 00:10:47,092 ERROR [deepcytes.output.kafka] kafka-python-ng not installed. Run: pip install kafka-python-ng
2026-06-27 00:10:47,107 ERROR [deepcytes.output.kafka] kafka-python-ng not installed. Run: pip install kafka-python-ng
2026-06-27 00:10:47,114 ERROR [deepcytes.output.kafka] kafka-python-ng not installed. Run: pip install kafka-python-ng
2026-06-27 00:10:47,123 ERROR [deepcytes.output.kafka] kafka-python-ng not installed. Run: pip install kafka-python-ng
2026-06-27 00:10:47,128 ERROR [deepcytes.output.kafka] kafka-python-ng not installed. Run: pip install kafka-python-ng
2026-06-27 00:10:47,138 ERROR [deepcytes.output.kafka] kafka-python-ng not installed. Run: pip install kafka-python-ng
2026-06-27 00:10:47,146 ERROR [deepcytes.output.kafka] kafka-python-ng not installed. Run: pip install kafka-python-ng
2026-06-27 00:10:47,171 ERROR [deepcytes.output.kafka] kafka-python-ng not installed. Run: pip install kafka-python-ng
2026-06-27 00:10:47,185 ERROR [deepcytes.output.kafka] kafka-python-ng not installed. Run: pip install kafka-python-ng
2026-06-27 00:10:47,196 ERROR [deepcytes.output.kafka] kafka-python-ng not installed. Run: pip install kafka-python-ng
2026-06-27 00:10:47,209 ERROR [deepcytes.output.kafka] kafka-python-ng not installed. Run: pip install kafka-python-ng
2026-06-27 00:10:47,225 ERROR [deepcytes.output.kafka] kafka-python-ng not installed. Run: pip install kafka-python-ng
2026-06-27 00:10:47,232 ERROR [deepcytes.output.kafka] kafka-python-ng not installed. Run: pip install kafka-python-ng
2026-06-27 00:10:47,261 ERROR [deepcytes.output.kafka] kafka-python-ng not installed. Run: pip install kafka-python-ng
2026-06-27 00:10:47,266 ERROR [deepcytes.output.kafka] kafka-python-ng not installed. Run: pip install kafka-python-ng
2026-06-27 00:10:48,842 ERROR [deepcytes.output.kafka] kafka-python-ng not installed. Run: pip install kafka-python-ng
2026-06-27 00:10:48,867 ERROR [deepcytes.output.kafka] kafka-python-ng not installed. Run: pip install kafka-python-ng
2026-06-27 00:10:48,911 ERROR [deepcytes.output.kafka] kafka-python-ng not installed. Run: pip install kafka-python-ng
2026-06-27 00:10:48,925 ERROR [deepcytes.output.kafka] kafka-python-ng not installed. Run: pip install kafka-python-ng
2026-06-27 00:10:48,936 ERROR [deepcytes.output.kafka] kafka-python-ng not installed. Run: pip install kafka-python-ng
2026-06-27 00:10:48,944 ERROR [deepcytes.output.kafka] kafka-python-ng not installed. Run: pip install kafka-python-ng
2026-06-27 00:10:48,957 ERROR [deepcytes.output.kafka] kafka-python-ng not installed. Run: pip install kafka-python-ng
2026-06-27 00:10:48,961 ERROR [deepcytes.output.kafka] kafka-python-ng not installed. Run: pip install kafka-python-ng
2026-06-27 00:10:48,968 ERROR [deepcytes.output.kafka] kafka-python-ng not installed. Run: pip install kafka-python-ng
2026-06-27 00:10:48,979 ERROR [deepcytes.output.kafka] kafka-python-ng not installed. Run: pip install kafka-python-ng
2026-06-27 00:10:48,989 ERROR [deepcytes.output.kafka] kafka-python-ng not installed. Run: pip install kafka-python-ng
2026-06-27 00:10:48,997 ERROR [deepcytes.output.kafka] kafka-python-ng not installed. Run: pip install kafka-python-ng
2026-06-27 00:10:49,006 ERROR [deepcytes.output.kafka] kafka-python-ng not installed. Run: pip install kafka-python-ng
2026-06-27 00:10:49,019 ERROR [deepcytes.output.kafka] kafka-python-ng not installed. Run: pip install kafka-python-ng
2026-06-27 00:10:50,262 ERROR [deepcytes.output.kafka] kafka-python-ng not installed. Run: pip install kafka-python-ng
2026-06-27 00:10:50,266 ERROR [deepcytes.output.kafka] kafka-python-ng not installed. Run: pip install kafka-python-ng
2026-06-27 00:10:50,347 ERROR [deepcytes.output.kafka] kafka-python-ng not installed. Run: pip install kafka-python-ng
2026-06-27 00:10:50,354 ERROR [deepcytes.output.kafka] kafka-python-ng not installed. Run: pip install kafka-python-ng
2026-06-27 00:10:50,361 ERROR [deepcytes.output.kafka] kafka-python-ng not installed. Run: pip install kafka-python-ng
2026-06-27 00:10:50,365 ERROR [deepcytes.output.kafka] kafka-python-ng not installed. Run: pip install kafka-python-ng
2026-06-27 00:10:50,372 ERROR [deepcytes.output.kafka] kafka-python-ng not installed. Run: pip install kafka-python-ng
2026-06-27 00:10:50,377 ERROR [deepcytes.output.kafka] kafka-python-ng not installed. Run: pip install kafka-python-ng
2026-06-27 00:10:50,384 ERROR [deepcytes.output.kafka] kafka-python-ng not installed. Run: pip install kafka-python-ng
2026-06-27 00:10:50,389 ERROR [deepcytes.output.kafka] kafka-python-ng not installed. Run: pip install kafka-python-ng
2026-06-27 00:10:50,395 ERROR [deepcytes.output.kafka] kafka-python-ng not installed. Run: pip install kafka-python-ng
2026-06-27 00:10:50,402 ERROR [deepcytes.output.kafka] kafka-python-ng not installed. Run: pip install kafka-python-ng
2026-06-27 00:10:50,422 ERROR [deepcytes.output.kafka] kafka-python-ng not installed. Run: pip install kafka-python-ng
2026-06-27 00:10:50,426 ERROR [deepcytes.output.kafka] kafka-python-ng not installed. Run: pip install kafka-python-ng
2026-06-27 00:10:51,584 ERROR [deepcytes.output.kafka] kafka-python-ng not installed. Run: pip install kafka-python-ng
2026-06-27 00:10:51,596 ERROR [deepcytes.output.kafka] kafka-python-ng not installed. Run: pip install kafka-python-ng
2026-06-27 00:10:51,604 ERROR [deepcytes.output.kafka] kafka-python-ng not installed. Run: pip install kafka-python-ng
2026-06-27 00:10:51,611 ERROR [deepcytes.output.kafka] kafka-python-ng not installed. Run: pip install kafka-python-ng
2026-06-27 00:10:51,620 ERROR [deepcytes.output.kafka] kafka-python-ng not installed. Run: pip install kafka-python-ng
2026-06-27 00:10:51,628 ERROR [deepcytes.output.kafka] kafka-python-ng not installed. Run: pip install kafka-python-ng
2026-06-27 00:10:51,637 ERROR [deepcytes.output.kafka] kafka-python-ng not installed. Run: pip install kafka-python-ng
2026-06-27 00:10:51,643 ERROR [deepcytes.output.kafka] kafka-python-ng not installed. Run: pip install kafka-python-ng
2026-06-27 00:10:51,754 ERROR [deepcytes.output.kafka] kafka-python-ng not installed. Run: pip install kafka-python-ng
2026-06-27 00:10:51,783 ERROR [deepcytes.output.kafka] kafka-python-ng not installed. Run: pip install kafka-python-ng
2026-06-27 00:10:51,804 ERROR [deepcytes.output.kafka] kafka-python-ng not installed. Run: pip install kafka-python-ng
2026-06-27 00:10:51,810 ERROR [deepcytes.output.kafka] kafka-python-ng not installed. Run: pip install kafka-python-ng
2026-06-27 00:10:51,819 ERROR [deepcytes.output.kafka] kafka-python-ng not installed. Run: pip install kafka-python-ng
2026-06-27 00:10:51,823 ERROR [deepcytes.output.kafka] kafka-python-ng not installed. Run: pip install kafka-python-ng
2026-06-27 00:10:51,831 ERROR [deepcytes.output.kafka] kafka-python-ng not installed. Run: pip install kafka-python-ng
2026-06-27 00:10:51,837 ERROR [deepcytes.output.kafka] kafka-python-ng not installed. Run: pip install kafka-python-ng
2026-06-27 00:10:51,846 ERROR [deepcytes.output.kafka] kafka-python-ng not installed. Run: pip install kafka-python-ng
2026-06-27 00:10:51,850 ERROR [deepcytes.output.kafka] kafka-python-ng not installed. Run: pip install kafka-python-ng
2026-06-27 00:10:51,856 ERROR [deepcytes.output.kafka] kafka-python-ng not installed. Run: pip install kafka-python-ng
2026-06-27 00:10:51,863 ERROR [deepcytes.output.kafka] kafka-python-ng not installed. Run: pip install kafka-python-ng
2026-06-27 00:10:52,793 ERROR [deepcytes.output.kafka] kafka-python-ng not installed. Run: pip install kafka-python-ng
2026-06-27 00:10:53,767 ERROR [deepcytes.output.kafka] kafka-python-ng not installed. Run: pip install kafka-python-ng
2026-06-27 00:10:53,788 ERROR [deepcytes.output.kafka] kafka-python-ng not installed. Run: pip install kafka-python-ng
2026-06-27 00:10:53,813 ERROR [deepcytes.output.kafka] kafka-python-ng not installed. Run: pip install kafka-python-ng
2026-06-27 00:10:53,818 ERROR [deepcytes.output.kafka] kafka-python-ng not installed. Run: pip install kafka-python-ng
2026-06-27 00:10:53,828 ERROR [deepcytes.output.kafka] kafka-python-ng not installed. Run: pip install kafka-python-ng
2026-06-27 00:10:53,834 ERROR [deepcytes.output.kafka] kafka-python-ng not installed. Run: pip install kafka-python-ng
2026-06-27 00:10:53,842 ERROR [deepcytes.output.kafka] kafka-python-ng not installed. Run: pip install kafka-python-ng
2026-06-27 00:10:53,849 ERROR [deepcytes.output.kafka] kafka-python-ng not installed. Run: pip install kafka-python-ng
2026-06-27 00:10:53,858 ERROR [deepcytes.output.kafka] kafka-python-ng not installed. Run: pip install kafka-python-ng
2026-06-27 00:10:53,879 ERROR [deepcytes.output.kafka] kafka-python-ng not installed. Run: pip install kafka-python-ng
2026-06-27 00:10:53,943 ERROR [deepcytes.output.kafka] kafka-python-ng not installed. Run: pip install kafka-python-ng
2026-06-27 00:10:53,950 ERROR [deepcytes.output.kafka] kafka-python-ng not installed. Run: pip install kafka-python-ng
2026-06-27 00:10:53,990 ERROR [deepcytes.output.kafka] kafka-python-ng not installed. Run: pip install kafka-python-ng
2026-06-27 00:10:54,002 ERROR [deepcytes.output.kafka] kafka-python-ng not installed. Run: pip install kafka-python-ng
2026-06-27 00:10:54,011 ERROR [deepcytes.output.kafka] kafka-python-ng not installed. Run: pip install kafka-python-ng
2026-06-27 00:10:54,021 ERROR [deepcytes.output.kafka] kafka-python-ng not installed. Run: pip install kafka-python-ng
2026-06-27 00:10:54,031 ERROR [deepcytes.output.kafka] kafka-python-ng not installed. Run: pip install kafka-python-ng
2026-06-27 00:10:54,035 ERROR [deepcytes.output.kafka] kafka-python-ng not installed. Run: pip install kafka-python-ng
2026-06-27 00:10:54,047 ERROR [deepcytes.output.kafka] kafka-python-ng not installed. Run: pip install kafka-python-ng
2026-06-27 00:10:54,053 ERROR [deepcytes.output.kafka] kafka-python-ng not installed. Run: pip install kafka-python-ng
2026-06-27 00:10:54,061 ERROR [deepcytes.output.kafka] kafka-python-ng not installed. Run: pip install kafka-python-ng
2026-06-27 00:10:54,065 ERROR [deepcytes.output.kafka] kafka-python-ng not installed. Run: pip install kafka-python-ng
2026-06-27 00:10:54,084 ERROR [deepcytes.output.kafka] kafka-python-ng not installed. Run: pip install kafka-python-ng
2026-06-27 00:10:54,090 ERROR [deepcytes.output.kafka] kafka-python-ng not installed. Run: pip install kafka-python-ng
2026-06-27 00:10:54,108 ERROR [deepcytes.output.kafka] kafka-python-ng not installed. Run: pip install kafka-python-ng
2026-06-27 00:10:54,122 ERROR [deepcytes.output.kafka] kafka-python-ng not installed. Run: pip install kafka-python-ng
2026-06-27 00:10:54,169 ERROR [deepcytes.output.kafka] kafka-python-ng not installed. Run: pip install kafka-python-ng
2026-06-27 00:10:54,172 ERROR [deepcytes.output.kafka] kafka-python-ng not installed. Run: pip install kafka-python-ng
2026-06-27 00:10:54,177 ERROR [deepcytes.output.kafka] kafka-python-ng not installed. Run: pip install kafka-python-ng
2026-06-27 00:10:54,185 ERROR [deepcytes.output.kafka] kafka-python-ng not installed. Run: pip install kafka-python-ng
2026-06-27 00:10:54,197 ERROR [deepcytes.output.kafka] kafka-python-ng not installed. Run: pip install kafka-python-ng
2026-06-27 00:10:54,201 ERROR [deepcytes.output.kafka] kafka-python-ng not installed. Run: pip install kafka-python-ng
2026-06-27 00:10:54,206 ERROR [deepcytes.output.kafka] kafka-python-ng not installed. Run: pip install kafka-python-ng
2026-06-27 00:10:54,212 ERROR [deepcytes.output.kafka] kafka-python-ng not installed. Run: pip install kafka-python-ng
2026-06-27 00:10:54,219 ERROR [deepcytes.output.kafka] kafka-python-ng not installed. Run: pip install kafka-python-ng
2026-06-27 00:10:54,223 ERROR [deepcytes.output.kafka] kafka-python-ng not installed. Run: pip install kafka-python-ng
2026-06-27 00:10:54,232 ERROR [deepcytes.output.kafka] kafka-python-ng not installed. Run: pip install kafka-python-ng
2026-06-27 00:10:54,235 ERROR [deepcytes.output.kafka] kafka-python-ng not installed. Run: pip install kafka-python-ng
2026-06-27 00:10:54,241 ERROR [deepcytes.output.kafka] kafka-python-ng not installed. Run: pip install kafka-python-ng
2026-06-27 00:10:54,246 ERROR [deepcytes.output.kafka] kafka-python-ng not installed. Run: pip install kafka-python-ng
2026-06-27 00:10:55,640 ERROR [deepcytes.output.kafka] kafka-python-ng not installed. Run: pip install kafka-python-ng
2026-06-27 00:10:56,074 ERROR [deepcytes.output.kafka] kafka-python-ng not installed. Run: pip install kafka-python-ng
2026-06-27 00:10:56,098 ERROR [deepcytes.output.kafka] kafka-python-ng not installed. Run: pip install kafka-python-ng
2026-06-27 00:10:56,126 ERROR [deepcytes.output.kafka] kafka-python-ng not installed. Run: pip install kafka-python-ng
2026-06-27 00:10:56,144 ERROR [deepcytes.output.kafka] kafka-python-ng not installed. Run: pip install kafka-python-ng
2026-06-27 00:10:56,388 ERROR [deepcytes.output.kafka] kafka-python-ng not installed. Run: pip install kafka-python-ng
2026-06-27 00:10:56,391 ERROR [deepcytes.output.kafka] kafka-python-ng not installed. Run: pip install kafka-python-ng
2026-06-27 00:10:56,407 ERROR [deepcytes.output.kafka] kafka-python-ng not installed. Run: pip install kafka-python-ng
2026-06-27 00:10:56,429 ERROR [deepcytes.output.kafka] kafka-python-ng not installed. Run: pip install kafka-python-ng
2026-06-27 00:10:56,453 ERROR [deepcytes.output.kafka] kafka-python-ng not installed. Run: pip install kafka-python-ng
2026-06-27 00:10:56,458 ERROR [deepcytes.output.kafka] kafka-python-ng not installed. Run: pip install kafka-python-ng
2026-06-27 00:10:56,465 ERROR [deepcytes.output.kafka] kafka-python-ng not installed. Run: pip install kafka-python-ng
2026-06-27 00:10:56,473 ERROR [deepcytes.output.kafka] kafka-python-ng not installed. Run: pip install kafka-python-ng
2026-06-27 00:10:56,480 ERROR [deepcytes.output.kafka] kafka-python-ng not installed. Run: pip install kafka-python-ng
2026-06-27 00:10:56,485 ERROR [deepcytes.output.kafka] kafka-python-ng not installed. Run: pip install kafka-python-ng
2026-06-27 00:10:56,490 ERROR [deepcytes.output.kafka] kafka-python-ng not installed. Run: pip install kafka-python-ng
2026-06-27 00:10:56,496 ERROR [deepcytes.output.kafka] kafka-python-ng not installed. Run: pip install kafka-python-ng
2026-06-27 00:10:56,505 ERROR [deepcytes.output.kafka] kafka-python-ng not installed. Run: pip install kafka-python-ng
2026-06-27 00:10:56,513 ERROR [deepcytes.output.kafka] kafka-python-ng not installed. Run: pip install kafka-python-ng
2026-06-27 00:10:56,518 ERROR [deepcytes.output.kafka] kafka-python-ng not installed. Run: pip install kafka-python-ng
2026-06-27 00:10:56,524 ERROR [deepcytes.output.kafka] kafka-python-ng not installed. Run: pip install kafka-python-ng
2026-06-27 00:10:56,558 ERROR [deepcytes.output.kafka] kafka-python-ng not installed. Run: pip install kafka-python-ng
2026-06-27 00:10:56,578 ERROR [deepcytes.output.kafka] kafka-python-ng not installed. Run: pip install kafka-python-ng
2026-06-27 00:10:56,586 ERROR [deepcytes.output.kafka] kafka-python-ng not installed. Run: pip install kafka-python-ng
2026-06-27 00:10:56,591 ERROR [deepcytes.output.kafka] kafka-python-ng not installed. Run: pip install kafka-python-ng
2026-06-27 00:10:56,600 ERROR [deepcytes.output.kafka] kafka-python-ng not installed. Run: pip install kafka-python-ng
2026-06-27 00:10:56,607 ERROR [deepcytes.output.kafka] kafka-python-ng not installed. Run: pip install kafka-python-ng
2026-06-27 00:10:56,617 ERROR [deepcytes.output.kafka] kafka-python-ng not installed. Run: pip install kafka-python-ng
2026-06-27 00:10:56,624 ERROR [deepcytes.output.kafka] kafka-python-ng not installed. Run: pip install kafka-python-ng
2026-06-27 00:10:56,637 ERROR [deepcytes.output.kafka] kafka-python-ng not installed. Run: pip install kafka-python-ng
2026-06-27 00:10:56,646 ERROR [deepcytes.output.kafka] kafka-python-ng not installed. Run: pip install kafka-python-ng
2026-06-27 00:11:00,122 ERROR [deepcytes.output.kafka] kafka-python-ng not installed. Run: pip install kafka-python-ng
2026-06-27 00:11:00,485 ERROR [deepcytes.output.kafka] kafka-python-ng not installed. Run: pip install kafka-python-ng
2026-06-27 00:11:00,502 ERROR [deepcytes.output.kafka] kafka-python-ng not installed. Run: pip install kafka-python-ng
2026-06-27 00:11:00,538 ERROR [deepcytes.output.kafka] kafka-python-ng not installed. Run: pip install kafka-python-ng
2026-06-27 00:11:00,545 ERROR [deepcytes.output.kafka] kafka-python-ng not installed. Run: pip install kafka-python-ng
2026-06-27 00:11:00,563 ERROR [deepcytes.output.kafka] kafka-python-ng not installed. Run: pip install kafka-python-ng
2026-06-27 00:11:00,567 ERROR [deepcytes.output.kafka] kafka-python-ng not installed. Run: pip install kafka-python-ng
2026-06-27 00:11:00,586 ERROR [deepcytes.output.kafka] kafka-python-ng not installed. Run: pip install kafka-python-ng
2026-06-27 00:11:00,591 ERROR [deepcytes.output.kafka] kafka-python-ng not installed. Run: pip install kafka-python-ng
2026-06-27 00:11:00,622 ERROR [deepcytes.output.kafka] kafka-python-ng not installed. Run: pip install kafka-python-ng
2026-06-27 00:11:00,628 ERROR [deepcytes.output.kafka] kafka-python-ng not installed. Run: pip install kafka-python-ng
2026-06-27 00:11:00,634 ERROR [deepcytes.output.kafka] kafka-python-ng not installed. Run: pip install kafka-python-ng
2026-06-27 00:11:00,638 ERROR [deepcytes.output.kafka] kafka-python-ng not installed. Run: pip install kafka-python-ng
2026-06-27 00:11:00,662 ERROR [deepcytes.output.kafka] kafka-python-ng not installed. Run: pip install kafka-python-ng
2026-06-27 00:11:00,669 ERROR [deepcytes.output.kafka] kafka-python-ng not installed. Run: pip install kafka-python-ng
2026-06-27 00:11:01,499 ERROR [deepcytes.output.kafka] kafka-python-ng not installed. Run: pip install kafka-python-ng
2026-06-27 00:11:01,558 ERROR [deepcytes.output.kafka] kafka-python-ng not installed. Run: pip install kafka-python-ng
2026-06-27 00:11:01,565 ERROR [deepcytes.output.kafka] kafka-python-ng not installed. Run: pip install kafka-python-ng
2026-06-27 00:11:02,669 ERROR [deepcytes.output.kafka] kafka-python-ng not installed. Run: pip install kafka-python-ng
2026-06-27 00:11:02,689 ERROR [deepcytes.output.kafka] kafka-python-ng not installed. Run: pip install kafka-python-ng
2026-06-27 00:11:02,739 ERROR [deepcytes.output.kafka] kafka-python-ng not installed. Run: pip install kafka-python-ng
2026-06-27 00:11:02,745 ERROR [deepcytes.output.kafka] kafka-python-ng not installed. Run: pip install kafka-python-ng
2026-06-27 00:11:02,769 ERROR [deepcytes.output.kafka] kafka-python-ng not installed. Run: pip install kafka-python-ng
2026-06-27 00:11:02,778 ERROR [deepcytes.output.kafka] kafka-python-ng not installed. Run: pip install kafka-python-ng
2026-06-27 00:11:02,783 ERROR [deepcytes.output.kafka] kafka-python-ng not installed. Run: pip install kafka-python-ng
2026-06-27 00:11:02,788 ERROR [deepcytes.output.kafka] kafka-python-ng not installed. Run: pip install kafka-python-ng
2026-06-27 00:11:02,794 ERROR [deepcytes.output.kafka] kafka-python-ng not installed. Run: pip install kafka-python-ng
2026-06-27 00:11:02,800 ERROR [deepcytes.output.kafka] kafka-python-ng not installed. Run: pip install kafka-python-ng
2026-06-27 00:11:02,805 ERROR [deepcytes.output.kafka] kafka-python-ng not installed. Run: pip install kafka-python-ng
2026-06-27 00:11:02,813 ERROR [deepcytes.output.kafka] kafka-python-ng not installed. Run: pip install kafka-python-ng
2026-06-27 00:11:04,332 ERROR [deepcytes.output.kafka] kafka-python-ng not installed. Run: pip install kafka-python-ng
2026-06-27 00:11:04,729 ERROR [deepcytes.output.kafka] kafka-python-ng not installed. Run: pip install kafka-python-ng
2026-06-27 00:11:04,745 ERROR [deepcytes.output.kafka] kafka-python-ng not installed. Run: pip install kafka-python-ng
2026-06-27 00:11:04,792 ERROR [deepcytes.output.kafka] kafka-python-ng not installed. Run: pip install kafka-python-ng
2026-06-27 00:11:04,808 ERROR [deepcytes.output.kafka] kafka-python-ng not installed. Run: pip install kafka-python-ng
2026-06-27 00:11:04,818 ERROR [deepcytes.output.kafka] kafka-python-ng not installed. Run: pip install kafka-python-ng
2026-06-27 00:11:04,823 ERROR [deepcytes.output.kafka] kafka-python-ng not installed. Run: pip install kafka-python-ng
2026-06-27 00:11:04,913 ERROR [deepcytes.output.kafka] kafka-python-ng not installed. Run: pip install kafka-python-ng
2026-06-27 00:11:04,916 ERROR [deepcytes.output.kafka] kafka-python-ng not installed. Run: pip install kafka-python-ng
2026-06-27 00:11:04,929 ERROR [deepcytes.output.kafka] kafka-python-ng not installed. Run: pip install kafka-python-ng
2026-06-27 00:11:04,934 ERROR [deepcytes.output.kafka] kafka-python-ng not installed. Run: pip install kafka-python-ng
2026-06-27 00:11:04,956 ERROR [deepcytes.output.kafka] kafka-python-ng not installed. Run: pip install kafka-python-ng
2026-06-27 00:11:04,961 ERROR [deepcytes.output.kafka] kafka-python-ng not installed. Run: pip install kafka-python-ng
2026-06-27 00:11:04,968 ERROR [deepcytes.output.kafka] kafka-python-ng not installed. Run: pip install kafka-python-ng
2026-06-27 00:11:04,974 ERROR [deepcytes.output.kafka] kafka-python-ng not installed. Run: pip install kafka-python-ng
2026-06-27 00:11:04,982 ERROR [deepcytes.output.kafka] kafka-python-ng not installed. Run: pip install kafka-python-ng
2026-06-27 00:11:04,986 ERROR [deepcytes.output.kafka] kafka-python-ng not installed. Run: pip install kafka-python-ng
2026-06-27 00:11:04,992 ERROR [deepcytes.output.kafka] kafka-python-ng not installed. Run: pip install kafka-python-ng
2026-06-27 00:11:04,997 ERROR [deepcytes.output.kafka] kafka-python-ng not installed. Run: pip install kafka-python-ng
2026-06-27 00:11:05,003 ERROR [deepcytes.output.kafka] kafka-python-ng not installed. Run: pip install kafka-python-ng
2026-06-27 00:11:05,007 ERROR [deepcytes.output.kafka] kafka-python-ng not installed. Run: pip install kafka-python-ng
2026-06-27 00:11:05,012 ERROR [deepcytes.output.kafka] kafka-python-ng not installed. Run: pip install kafka-python-ng
2026-06-27 00:11:05,015 ERROR [deepcytes.output.kafka] kafka-python-ng not installed. Run: pip install kafka-python-ng
2026-06-27 00:11:05,022 ERROR [deepcytes.output.kafka] kafka-python-ng not installed. Run: pip install kafka-python-ng
2026-06-27 00:11:05,028 ERROR [deepcytes.output.kafka] kafka-python-ng not installed. Run: pip install kafka-python-ng
2026-06-27 00:11:05,034 ERROR [deepcytes.output.kafka] kafka-python-ng not installed. Run: pip install kafka-python-ng
2026-06-27 00:11:05,039 ERROR [deepcytes.output.kafka] kafka-python-ng not installed. Run: pip install kafka-python-ng
2026-06-27 00:11:05,044 ERROR [deepcytes.output.kafka] kafka-python-ng not installed. Run: pip install kafka-python-ng
2026-06-27 00:11:05,048 ERROR [deepcytes.output.kafka] kafka-python-ng not installed. Run: pip install kafka-python-ng
2026-06-27 00:11:05,054 ERROR [deepcytes.output.kafka] kafka-python-ng not installed. Run: pip install kafka-python-ng
2026-06-27 00:11:05,058 ERROR [deepcytes.output.kafka] kafka-python-ng not installed. Run: pip install kafka-python-ng
2026-06-27 00:11:07,316 ERROR [deepcytes.output.kafka] kafka-python-ng not installed. Run: pip install kafka-python-ng
2026-06-27 00:11:07,324 ERROR [deepcytes.output.kafka] kafka-python-ng not installed. Run: pip install kafka-python-ng
2026-06-27 00:11:07,331 ERROR [deepcytes.output.kafka] kafka-python-ng not installed. Run: pip install kafka-python-ng
2026-06-27 00:11:07,340 ERROR [deepcytes.output.kafka] kafka-python-ng not installed. Run: pip install kafka-python-ng
2026-06-27 00:11:07,345 ERROR [deepcytes.output.kafka] kafka-python-ng not installed. Run: pip install kafka-python-ng
2026-06-27 00:11:07,351 ERROR [deepcytes.output.kafka] kafka-python-ng not installed. Run: pip install kafka-python-ng
2026-06-27 00:11:08,112 ERROR [deepcytes.output.kafka] kafka-python-ng not installed. Run: pip install kafka-python-ng
2026-06-27 00:11:11,652 ERROR [deepcytes.output.kafka] kafka-python-ng not installed. Run: pip install kafka-python-ng
2026-06-27 00:11:11,660 ERROR [deepcytes.output.kafka] kafka-python-ng not installed. Run: pip install kafka-python-ng
2026-06-27 00:11:11,667 ERROR [deepcytes.output.kafka] kafka-python-ng not installed. Run: pip install kafka-python-ng
2026-06-27 00:11:11,675 ERROR [deepcytes.output.kafka] kafka-python-ng not installed. Run: pip install kafka-python-ng
2026-06-27 00:11:12,793 ERROR [deepcytes.output.kafka] kafka-python-ng not installed. Run: pip install kafka-python-ng
2026-06-27 00:11:12,799 ERROR [deepcytes.output.kafka] kafka-python-ng not installed. Run: pip install kafka-python-ng
2026-06-27 00:11:12,822 ERROR [deepcytes.output.kafka] kafka-python-ng not installed. Run: pip install kafka-python-ng
2026-06-27 00:11:12,826 ERROR [deepcytes.output.kafka] kafka-python-ng not installed. Run: pip install kafka-python-ng
2026-06-27 00:11:12,880 ERROR [deepcytes.output.kafka] kafka-python-ng not installed. Run: pip install kafka-python-ng
2026-06-27 00:11:12,884 ERROR [deepcytes.output.kafka] kafka-python-ng not installed. Run: pip install kafka-python-ng
2026-06-27 00:11:12,905 ERROR [deepcytes.output.kafka] kafka-python-ng not installed. Run: pip install kafka-python-ng
2026-06-27 00:11:12,910 ERROR [deepcytes.output.kafka] kafka-python-ng not installed. Run: pip install kafka-python-ng
2026-06-27 00:11:12,917 ERROR [deepcytes.output.kafka] kafka-python-ng not installed. Run: pip install kafka-python-ng
2026-06-27 00:11:12,922 ERROR [deepcytes.output.kafka] kafka-python-ng not installed. Run: pip install kafka-python-ng
2026-06-27 00:11:12,928 ERROR [deepcytes.output.kafka] kafka-python-ng not installed. Run: pip install kafka-python-ng
2026-06-27 00:11:12,934 ERROR [deepcytes.output.kafka] kafka-python-ng not installed. Run: pip install kafka-python-ng
2026-06-27 00:11:14,031 ERROR [deepcytes.output.kafka] kafka-python-ng not installed. Run: pip install kafka-python-ng
2026-06-27 00:11:14,916 ERROR [deepcytes.output.kafka] kafka-python-ng not installed. Run: pip install kafka-python-ng
2026-06-27 00:11:14,920 ERROR [deepcytes.output.kafka] kafka-python-ng not installed. Run: pip install kafka-python-ng
2026-06-27 00:11:14,927 ERROR [deepcytes.output.kafka] kafka-python-ng not installed. Run: pip install kafka-python-ng
2026-06-27 00:11:14,933 ERROR [deepcytes.output.kafka] kafka-python-ng not installed. Run: pip install kafka-python-ng
2026-06-27 00:11:14,938 ERROR [deepcytes.output.kafka] kafka-python-ng not installed. Run: pip install kafka-python-ng
2026-06-27 00:11:14,954 ERROR [deepcytes.output.kafka] kafka-python-ng not installed. Run: pip install kafka-python-ng
2026-06-27 00:11:14,959 ERROR [deepcytes.output.kafka] kafka-python-ng not installed. Run: pip install kafka-python-ng
2026-06-27 00:11:14,964 ERROR [deepcytes.output.kafka] kafka-python-ng not installed. Run: pip install kafka-python-ng
2026-06-27 00:11:14,972 ERROR [deepcytes.output.kafka] kafka-python-ng not installed. Run: pip install kafka-python-ng
2026-06-27 00:11:14,977 ERROR [deepcytes.output.kafka] kafka-python-ng not installed. Run: pip install kafka-python-ng
2026-06-27 00:11:14,985 ERROR [deepcytes.output.kafka] kafka-python-ng not installed. Run: pip install kafka-python-ng
2026-06-27 00:11:14,990 ERROR [deepcytes.output.kafka] kafka-python-ng not installed. Run: pip install kafka-python-ng
2026-06-27 00:11:16,875 ERROR [deepcytes.output.kafka] kafka-python-ng not installed. Run: pip install kafka-python-ng
2026-06-27 00:11:18,180 ERROR [deepcytes.output.kafka] kafka-python-ng not installed. Run: pip install kafka-python-ng
2026-06-27 00:11:20,577 ERROR [deepcytes.output.kafka] kafka-python-ng not installed. Run: pip install kafka-python-ng
2026-06-27 00:11:21,823 ERROR [deepcytes.output.kafka] kafka-python-ng not installed. Run: pip install kafka-python-ng
2026-06-27 00:11:21,838 ERROR [deepcytes.output.kafka] kafka-python-ng not installed. Run: pip install kafka-python-ng
2026-06-27 00:11:21,862 ERROR [deepcytes.output.kafka] kafka-python-ng not installed. Run: pip install kafka-python-ng
2026-06-27 00:11:21,879 ERROR [deepcytes.output.kafka] kafka-python-ng not installed. Run: pip install kafka-python-ng
2026-06-27 00:11:21,890 ERROR [deepcytes.output.kafka] kafka-python-ng not installed. Run: pip install kafka-python-ng
2026-06-27 00:11:21,898 ERROR [deepcytes.output.kafka] kafka-python-ng not installed. Run: pip install kafka-python-ng
2026-06-27 00:11:24,990 ERROR [deepcytes.output.kafka] kafka-python-ng not installed. Run: pip install kafka-python-ng
2026-06-27 00:11:24,996 ERROR [deepcytes.output.kafka] kafka-python-ng not installed. Run: pip install kafka-python-ng
2026-06-27 00:11:25,024 ERROR [deepcytes.output.kafka] kafka-python-ng not installed. Run: pip install kafka-python-ng
2026-06-27 00:11:25,032 ERROR [deepcytes.output.kafka] kafka-python-ng not installed. Run: pip install kafka-python-ng
2026-06-27 00:11:25,054 ERROR [deepcytes.output.kafka] kafka-python-ng not installed. Run: pip install kafka-python-ng
2026-06-27 00:11:25,100 ERROR [deepcytes.output.kafka] kafka-python-ng not installed. Run: pip install kafka-python-ng
2026-06-27 00:11:25,140 ERROR [deepcytes.output.kafka] kafka-python-ng not installed. Run: pip install kafka-python-ng
2026-06-27 00:11:25,155 ERROR [deepcytes.output.kafka] kafka-python-ng not installed. Run: pip install kafka-python-ng
2026-06-27 00:11:25,186 ERROR [deepcytes.output.kafka] kafka-python-ng not installed. Run: pip install kafka-python-ng
2026-06-27 00:11:25,211 ERROR [deepcytes.output.kafka] kafka-python-ng not installed. Run: pip install kafka-python-ng
2026-06-27 13:13:42,682 ERROR [deepcytes.output.kafka] kafka-python-ng not installed. Run: pip install kafka-python-ng
2026-06-27 13:13:43,062 WARNING [deepcytes.collectors.dns_sniffer] Scapy sniffing failed: Sniffing and sending packets is not available at layer 2: winpcap is not installed. You may use conf.L3socket or conf.L3socket6 to access layer 3
2026-06-27 13:14:13,131 ERROR [deepcytes.output.kafka] kafka-python-ng not installed. Run: pip install kafka-python-ng
2026-06-27 13:14:43,143 ERROR [deepcytes.output.kafka] kafka-python-ng not installed. Run: pip install kafka-python-ng
2026-06-27 13:15:14,139 ERROR [deepcytes.output.kafka] kafka-python-ng not installed. Run: pip install kafka-python-ng
2026-06-27 13:15:44,337 ERROR [deepcytes.output.kafka] kafka-python-ng not installed. Run: pip install kafka-python-ng
2026-06-27 13:16:16,572 ERROR [deepcytes.output.kafka] kafka-python-ng not installed. Run: pip install kafka-python-ng
2026-06-27 13:16:47,046 ERROR [deepcytes.output.kafka] kafka-python-ng not installed. Run: pip install kafka-python-ng
2026-06-27 13:18:20,122 ERROR [deepcytes.output.kafka] kafka-python-ng not installed. Run: pip install kafka-python-ng
2026-06-27 13:18:20,572 WARNING [deepcytes.collectors.dns_sniffer] Scapy sniffing failed: Sniffing and sending packets is not available at layer 2: winpcap is not installed. You may use conf.L3socket or conf.L3socket6 to access layer 3
2026-06-27 13:18:50,269 ERROR [deepcytes.output.kafka] kafka-python-ng not installed. Run: pip install kafka-python-ng
2026-06-27 13:19:20,639 ERROR [deepcytes.output.kafka] kafka-python-ng not installed. Run: pip install kafka-python-ng
2026-06-27 13:19:53,528 ERROR [deepcytes.output.kafka] kafka-python-ng not installed. Run: pip install kafka-python-ng
2026-06-27 13:20:23,620 ERROR [deepcytes.output.kafka] kafka-python-ng not installed. Run: pip install kafka-python-ng
2026-06-27 13:20:54,603 ERROR [deepcytes.output.kafka] kafka-python-ng not installed. Run: pip install kafka-python-ng
2026-06-27 13:22:04,900 ERROR [deepcytes.output.kafka] kafka-python-ng not installed. Run: pip install kafka-python-ng
2026-06-27 13:22:05,332 WARNING [deepcytes.collectors.dns_sniffer] Scapy sniffing failed: Sniffing and sending packets is not available at layer 2: winpcap is not installed. You may use conf.L3socket or conf.L3socket6 to access layer 3
2026-06-27 13:22:34,914 ERROR [deepcytes.output.kafka] kafka-python-ng not installed. Run: pip install kafka-python-ng
2026-06-27 13:23:05,187 ERROR [deepcytes.output.kafka] kafka-python-ng not installed. Run: pip install kafka-python-ng
2026-06-27 13:24:56,974 ERROR [deepcytes.output.kafka] kafka-python-ng not installed. Run: pip install kafka-python-ng
2026-06-27 13:24:57,395 WARNING [deepcytes.collectors.dns_sniffer] Scapy sniffing failed: Sniffing and sending packets is not available at layer 2: winpcap is not installed. You may use conf.L3socket or conf.L3socket6 to access layer 3
2026-06-27 13:25:26,992 ERROR [deepcytes.output.kafka] kafka-python-ng not installed. Run: pip install kafka-python-ng
2026-06-27 13:25:57,083 ERROR [deepcytes.output.kafka] kafka-python-ng not installed. Run: pip install kafka-python-ng
2026-06-27 13:26:27,691 ERROR [deepcytes.output.kafka] kafka-python-ng not installed. Run: pip install kafka-python-ng
2026-06-27 13:26:57,836 ERROR [deepcytes.output.kafka] kafka-python-ng not installed. Run: pip install kafka-python-ng
2026-06-27 13:27:27,925 ERROR [deepcytes.output.kafka] kafka-python-ng not installed. Run: pip install kafka-python-ng
2026-06-27 13:27:58,274 ERROR [deepcytes.output.kafka] kafka-python-ng not installed. Run: pip install kafka-python-ng
2026-06-27 13:28:37,675 ERROR [deepcytes.output.kafka] kafka-python-ng not installed. Run: pip install kafka-python-ng
2026-06-27 13:28:38,171 WARNING [deepcytes.collectors.dns_sniffer] Scapy sniffing failed: Sniffing and sending packets is not available at layer 2: winpcap is not installed. You may use conf.L3socket or conf.L3socket6 to access layer 3
2026-06-27 13:29:07,674 ERROR [deepcytes.output.kafka] kafka-python-ng not installed. Run: pip install kafka-python-ng
2026-06-27 13:29:40,504 ERROR [deepcytes.output.kafka] kafka-python-ng not installed. Run: pip install kafka-python-ng
2026-06-27 13:32:24,927 ERROR [deepcytes.output.kafka] kafka-python-ng not installed. Run: pip install kafka-python-ng
2026-06-27 13:32:25,398 WARNING [deepcytes.collectors.dns_sniffer] Scapy sniffing failed: Sniffing and sending packets is not available at layer 2: winpcap is not installed. You may use conf.L3socket or conf.L3socket6 to access layer 3
2026-06-27 13:32:54,938 ERROR [deepcytes.output.kafka] kafka-python-ng not installed. Run: pip install kafka-python-ng
2026-06-27 13:33:25,496 ERROR [deepcytes.output.kafka] kafka-python-ng not installed. Run: pip install kafka-python-ng
2026-06-27 13:33:56,710 ERROR [deepcytes.output.kafka] kafka-python-ng not installed. Run: pip install kafka-python-ng
2026-06-27 13:34:26,884 ERROR [deepcytes.output.kafka] kafka-python-ng not installed. Run: pip install kafka-python-ng
